pdb,chain,name,L,resolution,n_pairs,split
4v11,A,4v11_A,150,,497,train
5pti,A,5pti_A,58,,165,train
1ubq,A,1ubq_A,76,,212,train
4mkm,A,4mkm_A,292,,929,train
1crn,A,1crn_A,46,,118,train
3gb1,A,3gb1_A,56,,145,test
1enh,A,1enh_A,54,,150,val
11tt,A,11tt_A,263,,888,val
2pl3,A,2pl3_A,232,,772,train
3zyt,A,3zyt_A,372,,1366,train
13lx,A,13lx_A,285,2.20,892,train
1c3l,A,1c3l_A,274,2.16,1017,train
1bhd,A,1bhd_A,108,2.00,352,train
1b11,A,1b11_A,113,1.90,306,train
1c22,A,1c22_A,262,1.75,934,train
1a18,A,1a18_A,131,2.40,406,train
131l,A,131l_A,162,1.70,533,train
1ass,A,1ass_A,152,2.30,486,train
1bp4,A,1bp4_A,212,2.20,728,train
1a8z,A,1a8z_A,153,2.10,491,train
1a86,A,1a86_A,158,2.00,490,train
2ctx,A,2ctx_A,71,2.40,185,train
1bwi,A,1bwi_A,129,1.80,418,val
2g69,A,2g69_A,99,1.35,256,train
1t6f,A,1t6f_A,37,1.47,76,train
1dhn,A,1dhn_A,121,1.65,363,train
1bnz,A,1bnz_A,64,2.00,175,train
1qd0,A,1qd0_A,128,2.50,385,val
2c4v,A,2c4v_A,158,2.50,479,train
1kuh,A,1kuh_A,132,1.60,414,train
1yxh,A,1yxh_A,119,1.86,344,train
2he4,A,2he4_A,90,1.45,229,train
2eiq,A,2eiq_A,107,1.90,323,train
1kvb,A,1kvb_A,155,1.90,502,train
1tlv,A,1tlv_A,205,1.95,675,train
2haq,A,2haq_A,166,1.97,562,val
1o51,A,1o51_A,89,2.50,230,train
1ub9,A,1ub9_A,100,2.05,288,train
1e9d,A,1e9d_A,210,1.70,718,train
1g2r,A,1g2r_A,94,1.35,271,train
1zil,A,1zil_A,30,2.25,56,train
1m1s,A,1m1s_A,109,1.80,336,train
1iv9,A,1iv9_A,96,1.90,272,train
2jk1,A,2jk1_A,138,2.10,430,train
1rwj,A,1rwj_A,81,1.70,161,train
1rpe,L,1rpe_L,63,2.50,187,train
3mc3,A,3mc3_A,121,1.49,399,val
3f40,A,3f40_A,112,1.27,324,train
2v3j,A,2v3j_A,217,2.00,674,train
1ycz,A,1ycz_A,89,1.80,278,test
4oef,A,4oef_A,125,1.80,406,train
1zw6,A,1zw6_A,166,1.50,544,train
6il0,A,6il0_A,160,1.93,513,test
1lih,A,1lih_A,160,2.20,485,train
5vsx,A,5vsx_A,74,2.10,141,train
2wc1,A,2wc1_A,182,2.17,629,train
1g2b,A,1g2b_A,62,1.12,166,train
4cya,A,4cya_A,160,1.86,518,train
4o8h,A,4o8h_A,164,0.85,576,test
1vmb,A,1vmb_A,107,1.70,308,train
1x6q,A,1x6q_A,120,1.51,351,train
4wql,A,4wql_A,175,1.73,559,val
7hb6,A,7hb6_A,209,2.09,673,train
1v9q,A,1v9q_A,154,1.45,506,train
3boj,A,3boj_A,209,1.45,693,train
1bxa,A,1bxa_A,105,1.30,327,test
1no5,A,1no5_A,100,1.80,294,train
7q2i,A,7q2i_A,134,1.87,368,train
3h4c,A,3h4c_A,207,2.30,691,train
5yhy,A,5yhy_A,146,1.65,383,train
4zxr,A,4zxr_A,207,1.92,716,train
4wh7,A,4wh7_A,178,1.62,586,val
1ytn,A,1ytn_A,283,2.40,979,train
1jnp,A,1jnp_A,101,2.50,298,train
5c1y,A,5c1y_A,181,1.97,614,val
3dh5,A,3dh5_A,124,1.60,395,train
1xq3,A,1xq3_A,243,2.25,841,train
3re9,A,3re9_A,179,2.40,584,train
5gi0,A,5gi0_A,122,2.04,334,train
9t4p,A,9t4p_A,196,1.95,630,val
1lv7,A,1lv7_A,251,1.50,781,train
2ebn,A,2ebn_A,285,2.00,990,test
1wxf,A,1wxf_A,255,2.30,795,train
2qtp,A,2qtp_A,147,2.10,490,train
3r2p,A,3r2p_A,180,2.20,448,train
5ygm,A,5ygm_A,237,1.60,793,test
3s0d,A,3s0d_A,119,1.24,374,train
6qey,A,6qey_A,170,2.20,515,train
8e02,A,8e02_A,125,1.09,406,train
9ngb,A,9ngb_A,119,2.50,336,train
3d08,A,3d08_A,182,1.40,567,train
1r0h,A,1r0h_A,53,1.70,141,train
7tng,A,7tng_A,87,1.40,245,train
6vag,A,6vag_A,74,1.40,156,test
3kz7,A,3kz7_A,119,1.95,343,train
3uev,A,3uev_A,158,1.90,509,test
6qlj,A,6qlj_A,207,1.77,626,val
2wp7,A,2wp7_A,159,1.90,501,val
5e88,A,5e88_A,137,1.60,442,train
1u3z,A,1u3z_A,104,1.90,313,train
3f3m,A,3f3m_A,155,2.40,466,train
5hwg,A,5hwg_A,175,1.99,569,train
3cpo,A,3cpo_A,122,1.24,376,train
2x29,A,2x29_A,156,2.30,490,train
1v2r,T,1v2r_T,223,1.70,746,val
2a6c,A,2a6c_A,76,1.90,193,test
7ycq,A,7ycq_A,111,1.99,328,train
1lh2,A,1lh2_A,153,2.00,488,train
5pc6,A,5pc6_A,115,1.74,312,train
9sma,A,9sma_A,124,2.34,263,train
3sd6,A,3sd6_A,86,1.37,255,val
1xw3,A,1xw3_A,110,1.65,274,train
3x1y,A,3x1y_A,166,1.17,542,val
1ahq,A,1ahq_A,133,2.30,428,train
5h29,A,5h29_A,207,2.30,680,train
6ml3,A,6ml3_A,112,1.68,255,train
1s3c,A,1s3c_A,138,1.25,425,train
2in8,A,2in8_A,139,1.70,462,train
7zua,A,7zua_A,118,1.68,372,test
5cyb,A,5cyb_A,89,2.10,251,train
7t9x,A,7t9x_A,73,1.52,197,train
8zna,A,8zna_A,93,1.89,270,val
1rfj,A,1rfj_A,148,2.00,418,train
7xl7,A,7xl7_A,58,1.85,140,train
2gkg,A,2gkg_A,122,1.00,386,test
2g52,A,2g52_A,224,1.84,776,train
1jwf,A,1jwf_A,139,2.10,456,train
4o6t,A,4o6t_A,182,1.25,613,train
7leo,A,7leo_A,52,1.65,133,val
9kn8,A,9kn8_A,174,1.64,566,train
1cia,A,1cia_A,213,2.50,665,train
4xmg,A,4xmg_A,184,1.80,574,train
1c6r,A,1c6r_A,88,1.90,250,train
7yuk,A,7yuk_A,116,2.11,355,train
7e1p,A,7e1p_A,150,1.63,476,train
4idl,A,4idl_A,123,2.09,387,train
2fmu,A,2fmu_A,209,2.30,656,train
6cii,A,6cii_A,124,1.70,362,val
2vga,A,2vga_A,194,1.90,583,train
4mid,A,4mid_A,105,2.14,281,train
2j4x,A,2j4x_A,197,1.95,653,train
7o0b,A,7o0b_A,104,2.13,311,train
3i5w,A,3i5w_A,32,1.63,74,train
5j0i,A,5j0i_A,73,2.20,185,train
2dfb,A,2dfb_A,190,1.11,676,train
5rk3,A,5rk3_A,119,1.31,357,test
5ouz,A,5ouz_A,178,2.08,570,train
5qp7,A,5qp7_A,149,1.88,446,train
4eza,A,4eza_A,94,1.50,271,train
2xs2,A,2xs2_A,88,1.35,217,test
5vmn,A,5vmn_A,125,1.65,359,train
9hef,A,9hef_A,116,1.83,342,train
7s4r,A,7s4r_A,56,2.10,155,train
1wfb,A,1wfb_A,38,1.50,94,train
3q2c,A,3q2c_A,96,2.50,283,train
2d59,A,2d59_A,141,1.65,462,train
5mqh,A,5mqh_A,228,2.45,677,train
7hmt,B,7hmt_B,185,1.28,600,train
2b3m,A,2b3m_A,154,1.85,457,train
2hdv,A,2hdv_A,103,2.00,298,test
4nuh,A,4nuh_A,216,1.34,734,test
5n1z,A,5n1z_A,123,1.81,342,train
8tfi,A,8tfi_A,177,1.97,595,train
3q7y,A,3q7y_A,124,1.45,398,train
3akn,A,3akn_A,130,1.60,412,train
3o1x,A,3o1x_A,115,1.08,326,train
2brf,A,2brf_A,100,1.40,315,train
7k68,A,7k68_A,163,1.45,470,train
4u6a,A,4u6a_A,205,2.37,665,train
3cxp,A,3cxp_A,184,2.01,510,train
2nwv,A,2nwv_A,112,1.85,325,train
2vb3,X,2vb3_X,76,2.33,216,train
7usk,A,7usk_A,108,1.22,310,train
6z6z,A,6z6z_A,172,1.78,550,val
9b4q,A,9b4q_A,168,1.46,553,train
7wfs,A,7wfs_A,97,1.40,273,train
4nui,A,4nui_A,193,1.70,684,train
6u1b,A,6u1b_A,221,2.08,804,train
1zyw,A,1zyw_A,66,1.30,206,train
1lf7,A,1lf7_A,164,1.20,485,train
8qv1,A,8qv1_A,217,2.20,658,train
2hlq,A,2hlq_A,100,1.45,284,train
2apx,A,2apx_A,109,1.80,370,test
8f43,A,8f43_A,109,1.37,354,test
2g1m,A,2g1m_A,211,2.20,701,train
1bgf,A,1bgf_A,124,1.45,369,train
3e0e,A,3e0e_A,91,1.60,272,train
6xbr,A,6xbr_A,144,1.55,448,train
3kug,A,3kug_A,158,2.00,489,test
3aka,A,3aka_A,162,1.80,506,train
9f4q,A,9f4q_A,165,1.40,506,test
3flj,A,3flj_A,141,2.00,438,train
7pqi,A,7pqi_A,198,1.90,653,train
3ghj,A,3ghj_A,116,1.47,339,train
1zuy,A,1zuy_A,58,1.39,164,val
9hx8,A,9hx8_A,80,2.00,245,train
6ufv,A,6ufv_A,149,1.06,472,train
3m1e,A,3m1e_A,87,1.80,249,train
3ljm,A,3ljm_A,31,1.36,59,train
4efo,A,4efo_A,89,1.77,240,train
3ep0,A,3ep0_A,113,2.10,338,train
3hev,A,3hev_A,31,2.00,61,val
2o2g,A,2o2g_A,216,1.92,738,train
1k34,A,1k34_A,60,1.88,142,train
3vnb,A,3vnb_A,149,1.50,464,val
2yxs,A,2yxs_A,150,2.13,471,test
8gn4,A,8gn4_A,53,1.90,109,val
8qib,A,8qib_A,109,2.45,306,train
9hcp,A,9hcp_A,205,1.70,619,train
3ffo,A,3ffo_A,176,2.10,599,train
1rcd,A,1rcd_A,171,2.00,578,train
5qhe,A,5qhe_A,186,1.74,554,train
7ygk,A,7ygk_A,112,1.24,355,train
5yl6,A,5yl6_A,184,2.00,586,train
3rvc,A,3rvc_A,118,1.80,357,train
1nz6,A,1nz6_A,98,2.50,302,train
2o6w,A,2o6w_A,147,2.40,451,train
4wn3,A,4wn3_A,220,1.80,689,train
2qcq,A,2qcq_A,107,2.21,287,train
4bcy,A,4bcy_A,146,1.27,477,train
1j1y,A,1j1y_A,116,1.70,367,train
4o7k,A,4o7k_A,190,1.75,607,train
5fx0,A,5fx0_A,98,2.30,274,train
8t5l,B,8t5l_B,177,2.01,547,train
5r4w,A,5r4w_A,130,1.47,383,val
7p3h,A,7p3h_A,38,2.10,72,val
1mgw,A,1mgw_A,99,2.00,265,val
2vup,A,2vup_A,164,2.10,544,test
4qaz,A,4qaz_A,95,1.98,268,train
4p2j,A,4p2j_A,117,2.40,337,val
5hrv,A,5hrv_A,115,1.70,333,train
1i05,A,1i05_A,156,2.00,487,train
2ygn,A,2ygn_A,146,1.85,424,train
6udt,A,6udt_A,155,1.50,505,train
1nxw,A,1nxw_A,118,1.92,373,train
5dko,A,5dko_A,245,2.40,749,train
7z6w,A,7z6w_A,188,1.84,537,train
6lfq,A,6lfq_A,169,2.36,537,train
7wjt,A,7wjt_A,55,2.30,116,train
1wd1,A,1wd1_A,64,2.20,169,train
6i25,A,6i25_A,135,1.97,396,train
1vct,A,1vct_A,193,1.85,619,train
3rmq,A,3rmq_A,111,1.85,328,train
5jnr,A,5jnr_A,154,2.00,518,train
5yjp,A,5yjp_A,220,1.80,741,train
4rxy,A,4rxy_A,209,1.90,639,train
8gbe,A,8gbe_A,205,1.46,675,train
1mdc,A,1mdc_A,132,1.75,374,test
1akw,A,1akw_A,147,1.75,460,train
5mba,A,5mba_A,147,1.90,464,train
7ibg,A,7ibg_A,113,1.88,350,train
1ihz,A,1ihz_A,136,1.65,453,train
6x3k,A,6x3k_A,203,2.50,610,train
1i2h,A,1i2h_A,138,1.80,355,train
2yd8,A,2yd8_A,198,2.05,578,train
5suz,A,5suz_A,95,1.84,180,train
3kzz,A,3kzz_A,158,1.89,509,val
9pqf,A,9pqf_A,113,1.80,346,train
9vis,A,9vis_A,185,1.85,570,train
7c0g,A,7c0g_A,72,2.40,198,train
7nq0,AAA,7nq0_AAA,113,1.30,318,train
3f7s,A,3f7s_A,142,2.11,410,test
8v9z,A,8v9z_A,113,1.60,332,val
8gdu,A,8gdu_A,184,2.01,616,train
3cs5,A,3cs5_A,48,2.20,99,train
7nfi,A,7nfi_A,31,1.42,55,train
1jug,A,1jug_A,125,1.90,409,train
3uv0,A,3uv0_A,97,1.90,287,train
5nn7,A,5nn7_A,233,2.50,764,train
4bxq,A,4bxq_A,171,1.90,442,train
3dcz,A,3dcz_A,171,1.65,559,val
8i64,A,8i64_A,224,2.26,740,train
7auu,A,7auu_A,144,2.45,453,train
5hu4,A,5hu4_A,145,2.30,454,train
3r33,A,3r33_A,159,2.09,488,train
6og0,A,6og0_A,116,1.85,330,train
8ame,A,8ame_A,66,1.90,192,train
1lmh,A,1lmh_A,184,1.90,587,test
6gtp,A,6gtp_A,180,2.50,517,train
3ovo,A,3ovo_A,56,1.55,135,test
6a8w,A,6a8w_A,131,1.84,401,train
5fd7,A,5fd7_A,123,2.40,319,train
2rjl,A,2rjl_A,141,2.05,437,train
6isa,A,6isa_A,222,2.00,663,train
1gu3,A,1gu3_A,142,2.30,432,train
6l1i,B,6l1i_B,68,1.85,189,train
4n04,A,4n04_A,111,2.49,309,train
6fpd,A,6fpd_A,191,2.50,608,test
2awx,A,2awx_A,92,1.80,271,train
2pxl,A,2pxl_A,69,2.50,200,train
5h0m,A,5h0m_A,92,1.52,261,train
6pya,A,6pya_A,175,1.71,548,train
2e59,A,2e59_A,144,2.21,416,train
3emm,A,3emm_A,153,1.36,488,train
6h87,A,6h87_A,91,1.50,269,test
7a2o,A,7a2o_A,60,0.94,157,train
3hog,A,3hog_A,127,1.85,399,train
2oa5,A,2oa5_A,92,2.10,232,train
1ppa,A,1ppa_A,121,2.00,387,train
4dwf,A,4dwf_A,79,1.80,220,val
1m1u,A,1m1u_A,184,2.30,642,train
9wex,A,9wex_A,118,1.52,329,test
2b8y,A,2b8y_A,129,1.80,401,train
8wp6,A,8wp6_A,185,1.87,574,train
9jzs,A,9jzs_A,147,1.91,477,train
9udy,A,9udy_A,156,1.51,463,train
7tl2,A,7tl2_A,184,1.53,604,train
2r18,A,2r18_A,129,2.30,355,train
7qfu,A,7qfu_A,162,1.45,534,val
5ygc,A,5ygc_A,202,2.00,628,train
1mwp,A,1mwp_A,96,1.80,285,train
2gw8,A,2gw8_A,99,1.85,260,train
4aax,A,4aax_A,140,1.90,472,train
6vcn,A,6vcn_A,157,1.90,485,train
5ycx,A,5ycx_A,229,1.70,746,test
3exq,A,3exq_A,159,2.00,420,train
2xsd,C,2xsd_C,128,2.05,382,val
1qog,A,1qog_A,98,1.80,299,train
9voc,A,9voc_A,172,2.20,542,train
3pzy,A,3pzy_A,150,1.80,473,train
1g79,A,1g79_A,199,2.00,599,train
4k82,A,4k82_A,205,1.60,633,train
3jv1,A,3jv1_A,182,2.00,521,train
7r8z,A,7r8z_A,222,2.30,717,test
3dj9,A,3dj9_A,107,1.75,296,train
3zeb,A,3zeb_A,179,2.20,618,test
1jwq,A,1jwq_A,179,1.80,637,train
7qf5,AAA,7qf5_AAA,116,1.37,340,val
5ax2,A,5ax2_A,78,2.40,208,val
3ny1,A,3ny1_A,73,2.08,209,train
8g44,A,8g44_A,99,1.55,295,train
6duw,A,6duw_A,192,2.20,594,train
9qfs,A,9qfs_A,128,1.33,415,train
3i42,A,3i42_A,118,2.15,355,test
5qs7,A,5qs7_A,171,1.66,510,train
3i87,A,3i87_A,209,2.30,677,train
1tjd,A,1tjd_A,216,2.50,659,train
5aiz,A,5aiz_A,110,1.70,348,train
5ai3,A,5ai3_A,54,1.02,172,train
4ld6,A,4ld6_A,117,1.70,357,train
7umv,A,7umv_A,150,1.80,503,train
2f5c,A,2f5c_A,140,2.40,417,train
4fzp,A,4fzp_A,81,1.29,240,train
5ect,A,5ect_A,146,1.30,357,train
4ksm,A,4ksm_A,216,2.40,735,train
6ng9,A,6ng9_A,117,1.95,334,test
2bm6,A,2bm6_A,179,2.20,579,train
1m8u,A,1m8u_A,173,1.65,593,train
5bxg,A,5bxg_A,151,1.90,458,train
1ecy,A,1ecy_A,142,2.19,348,train
5h9n,A,5h9n_A,154,1.28,455,train
9v56,A,9v56_A,220,1.94,778,test
3rhe,A,3rhe_A,114,2.05,345,train
1tlq,A,1tlq_A,161,2.40,544,train
7sfp,A,7sfp_A,151,2.20,445,train
5f6v,A,5f6v_A,156,1.49,502,train
2fj1,A,2fj1_A,207,2.20,613,train
1paq,A,1paq_A,161,2.30,564,train
7ds0,A,7ds0_A,181,1.69,597,train
9kyi,A,9kyi_A,157,1.55,501,train
4kju,A,4kju_A,82,1.60,238,val
4ltu,A,4ltu_A,106,2.31,311,train
8t98,A,8t98_A,135,1.30,417,train
2z84,A,2z84_A,210,1.70,698,train
4myy,A,4myy_A,79,1.68,190,val
4o1k,A,4o1k_A,211,1.83,623,train
2b1k,A,2b1k_A,149,1.90,491,train
4jwl,A,4jwl_A,194,1.95,623,train
1zk9,A,1zk9_A,110,2.18,149,train
3q0w,A,3q0w_A,193,1.60,622,train
3lwk,A,3lwk_A,182,1.70,625,train
1cfb,A,1cfb_A,205,2.00,645,train
1j3e,A,1j3e_A,115,2.50,354,train
4ofe,A,4ofe_A,142,2.15,469,train
1nqn,A,1nqn_A,118,1.80,330,val
7osu,A,7osu_A,183,1.37,588,test
5xhw,A,5xhw_A,225,2.00,725,train
7e4j,A,7e4j_A,44,1.63,75,train
3trw,A,3trw_A,34,2.10,82,train
1rtt,A,1rtt_A,174,1.28,555,train
1mb0,A,1mb0_A,107,2.00,339,train
6asd,C,6asd_C,45,1.85,83,train
4gb5,A,4gb5_A,148,1.55,454,val
6j9r,A,6j9r_A,125,2.50,310,train
4v1p,A,4v1p_A,188,2.04,609,train
9f5b,A,9f5b_A,166,1.80,464,train
4m02,A,4m02_A,169,1.59,477,test
3d2w,A,3d2w_A,72,1.65,205,train
6jjs,A,6jjs_A,130,1.62,372,val
4ps6,A,4ps6_A,130,1.25,386,val
7yhr,A,7yhr_A,59,1.45,157,train
7uqn,A,7uqn_A,148,1.70,423,train
4lpl,A,4lpl_A,142,1.35,458,train
2y6l,A,2y6l_A,167,1.28,564,train
2pfc,A,2pfc_A,160,2.30,535,train
1hcv,A,1hcv_A,116,1.85,366,train
2znr,A,2znr_A,178,1.20,552,train
1w2i,A,1w2i_A,90,1.50,286,train
1yul,A,1yul_A,210,2.00,649,train
4rza,A,4rza_A,179,1.90,576,test
4dpc,X,4dpc_X,99,1.06,309,train
2fvx,A,2fvx_A,138,1.80,445,test
5wuf,A,5wuf_A,195,2.40,667,train
5i5c,A,5i5c_A,35,1.30,94,val
6lcq,A,6lcq_A,54,1.62,141,train
3f3b,A,3f3b_A,115,2.50,295,train
8pf0,A,8pf0_A,153,2.20,402,train
4z04,A,4z04_A,124,1.45,382,train
1v8u,A,1v8u_A,154,1.90,469,train
1rds,A,1rds_A,105,1.80,317,train
4quc,A,4quc_A,56,1.50,136,train
9t2z,A,9t2z_A,208,1.87,586,train
2qim,A,2qim_A,157,1.35,456,train
6p0w,A,6p0w_A,201,2.40,633,train
5r8b,A,5r8b_A,152,1.49,473,test
2bm3,A,2bm3_A,162,1.80,515,train
3a1f,A,3a1f_A,163,2.00,505,train
3syx,A,3syx_A,118,2.45,355,val
9wh6,A,9wh6_A,108,2.00,335,train
3lh4,A,3lh4_A,115,1.80,326,train
3aps,A,3aps_A,114,1.90,357,val
3h0n,A,3h0n_A,184,1.45,557,train
7cv2,A,7cv2_A,173,1.80,480,train
4rqm,A,4rqm_A,63,1.75,160,test
5h6x,A,5h6x_A,94,1.60,284,train
4bou,A,4bou_A,141,1.55,436,train
1rb9,A,1rb9_A,52,0.92,141,val
5gt1,A,5gt1_A,153,1.85,518,train
3dou,A,3dou_A,175,1.45,590,train
1zx6,A,1zx6_A,56,1.60,153,train
3omt,A,3omt_A,68,1.65,176,train
7u4z,A,7u4z_A,153,2.03,467,train
4mac,A,4mac_A,82,2.00,238,test
5r4g,A,5r4g_A,119,1.25,344,train
8ox3,A,8ox3_A,113,1.05,354,train
6ky8,A,6ky8_A,148,2.30,428,train
3ra0,A,3ra0_A,161,2.45,459,train
6oln,A,6oln_A,30,2.50,57,test
2fz4,A,2fz4_A,206,2.40,663,test
4dh4,A,4dh4_A,114,1.82,330,train
3vwe,A,3vwe_A,186,1.96,560,test
3guv,A,3guv_A,149,2.20,447,train
2z1c,A,2z1c_A,71,1.80,189,test
6py5,A,6py5_A,227,1.90,715,train
1e86,A,1e86_A,126,1.95,372,train
3ff4,A,3ff4_A,121,2.10,379,train
8wpt,A,8wpt_A,159,2.36,516,test
3mdf,A,3mdf_A,83,1.85,231,val
5b52,A,5b52_A,57,2.30,121,train
8g5e,A,8g5e_A,211,1.98,670,train
3so8,A,3so8_A,162,1.90,500,test
6nmw,A,6nmw_A,63,1.20,178,train
6dyr,A,6dyr_A,213,2.45,721,train
2iji,A,2iji_A,56,2.30,144,train
1o4r,A,1o4r_A,105,1.50,303,train
4w6l,A,4w6l_A,205,2.45,685,train
6l7q,A,6l7q_A,145,1.16,464,train
5zhc,A,5zhc_A,102,1.97,280,val
5uui,A,5uui_A,134,1.40,404,train
4e16,A,4e16_A,229,2.49,727,test
8b1o,A,8b1o_A,238,1.75,753,train
9x64,A,9x64_A,55,1.83,148,train
9mrb,A,9mrb_A,141,2.00,466,train
4jcg,A,4jcg_A,81,1.63,224,train
2qvg,A,2qvg_A,129,1.50,391,train
6wdp,A,6wdp_A,212,2.01,633,train
5gv0,A,5gv0_A,162,1.50,491,train
1sdi,A,1sdi_A,213,1.65,710,train
3w90,A,3w90_A,198,1.65,613,val
1g0x,A,1g0x_A,192,2.10,609,train
2fls,A,2fls_A,101,2.05,304,train
2pst,X,2pst_X,61,1.80,156,train
4fit,A,4fit_A,126,2.50,412,train
1vsk,A,1vsk_A,146,2.20,468,train
7z1q,A,7z1q_A,191,1.68,605,train
3k6n,A,3k6n_A,175,2.00,496,train
5wx9,A,5wx9_A,131,1.76,269,train
3ehx,A,3ehx_A,158,1.90,473,train
6h8z,A,6h8z_A,219,1.60,702,test
7dio,A,7dio_A,107,1.90,329,train
2imt,A,2imt_A,163,1.49,567,train
2o38,A,2o38_A,89,1.83,211,train
2z0x,A,2z0x_A,157,1.64,514,test
7vki,A,7vki_A,113,1.65,333,train
7e2k,A,7e2k_A,128,2.04,359,val
6l6o,A,6l6o_A,165,1.80,522,test
3ol3,A,3ol3_A,98,1.95,264,train
2j06,A,2j06_A,62,1.80,174,train
5hxl,A,5hxl_A,123,1.97,341,train
2nlg,A,2nlg_A,36,1.65,93,train
2rhd,A,2rhd_A,164,2.06,513,train
2yxb,A,2yxb_A,139,1.80,434,test
2p25,A,2p25_A,126,1.70,326,train
6yv6,A,6yv6_A,200,1.36,719,train
2odu,A,2odu_A,217,2.30,697,test
8jvx,A,8jvx_A,37,1.80,44,train
6gza,A,6gza_A,87,1.89,255,train
1o6a,A,1o6a_A,87,1.85,169,train
3uqa,A,3uqa_A,190,1.55,578,train
1pc5,A,1pc5_A,106,1.80,327,train
1yv4,A,1yv4_A,104,1.51,334,train
1w53,A,1w53_A,84,1.60,238,train
1lr9,A,1lr9_A,73,2.50,176,train
5sbm,A,5sbm_A,150,1.14,490,test
7pon,A,7pon_A,55,2.10,124,train
1v05,A,1v05_A,96,1.43,279,train
1im4,A,1im4_A,205,2.30,653,train
2bkf,A,2bkf_A,86,1.56,251,val
1w7z,A,1w7z_A,31,1.67,67,train
2knt,A,2knt_A,58,1.20,148,train
2q6q,A,2q6q_A,62,1.97,136,train
2cx6,A,2cx6_A,90,2.43,260,train
9m46,A,9m46_A,53,1.77,116,train
2xkl,A,2xkl_A,149,2.50,458,train
2uux,A,2uux_A,55,1.40,124,train
6ljr,A,6ljr_A,140,2.00,439,test
6wko,A,6wko_A,90,2.40,202,train
3s9x,A,3s9x_A,159,1.35,499,train
5b60,A,5b60_A,221,2.20,748,train
3kpx,A,3kpx_A,189,1.90,640,train
2v8e,A,2v8e_A,187,2.50,505,train
3ml3,A,3ml3_A,156,2.00,508,train
2hbo,A,2hbo_A,142,1.85,456,train
6cb6,A,6cb6_A,118,1.80,388,train
3l78,A,3l78_A,117,1.90,353,train
9vyy,A,9vyy_A,98,1.45,295,train
3fyb,A,3fyb_A,98,1.80,254,train
2xtc,A,2xtc_A,74,2.22,160,train
1ep0,A,1ep0_A,183,1.50,589,test
3dwh,A,3dwh_A,193,1.95,622,train
2x3g,A,2x3g_A,116,1.80,345,train
2bzv,A,2bzv_A,148,1.15,474,train
3qmc,A,3qmc_A,53,2.10,128,train
1w9g,A,1w9g_A,103,2.00,273,train
4lwm,A,4lwm_A,205,1.80,696,train
1zld,A,1zld_A,103,1.65,311,train
1qhx,A,1qhx_A,178,2.50,556,train
6dxh,A,6dxh_A,117,2.00,344,train
3mah,A,3mah_A,139,2.31,419,train
1kcq,A,1kcq_A,104,1.65,328,train
6gol,A,6gol_A,65,1.70,158,train
1rlw,A,1rlw_A,126,2.40,406,train
5mrn,A,5mrn_A,214,2.00,671,train
1mw7,A,1mw7_A,220,2.00,689,train
7bwl,A,7bwl_A,168,2.25,502,train
2d36,A,2d36_A,154,2.30,453,train
6ibj,A,6ibj_A,150,2.10,461,train
8uos,A,8uos_A,58,1.96,164,train
1yu9,A,1yu9_A,175,2.07,561,train
8wwr,A,8wwr_A,87,1.75,232,train
9fl3,A,9fl3_A,98,2.07,211,val
1v2x,A,1v2x_A,191,1.50,605,train
22iy,A,22iy_A,161,1.65,497,train
3b7h,A,3b7h_A,76,2.00,198,train
3kbf,A,3kbf_A,156,1.30,510,train
1zia,A,1zia_A,124,1.54,391,test
4inx,A,4inx_A,140,1.85,438,train
1oee,A,1oee_A,185,2.10,571,train
2zcx,A,2zcx_A,205,2.22,668,val
3wwv,A,3wwv_A,64,2.40,189,train
8anu,C,8anu_C,67,2.31,129,train
8h7d,A,8h7d_A,90,2.20,242,train
6icr,A,6icr_A,42,2.04,87,test
1eq6,A,1eq6_A,189,1.90,582,train
5o5s,A,5o5s_A,123,1.17,380,train
7nwp,AAA,7nwp_AAA,195,2.16,627,train
2czt,A,2czt_A,155,2.00,463,train
2qff,A,2qff_A,74,1.80,230,train
6jvy,A,6jvy_A,86,2.00,252,train
4h8p,A,4h8p_A,118,2.05,336,train
1j8e,A,1j8e_A,44,1.85,102,val
2yyw,A,2yyw_A,107,1.33,233,val
1hyb,A,1hyb_A,161,2.00,520,train
8bxw,AAA,8bxw_AAA,123,1.30,388,train
5jug,A,5jug_A,168,0.96,562,val
1qoa,A,1qoa_A,98,1.70,297,train
4hvy,A,4hvy_A,135,1.46,433,test
5c3t,A,5c3t_A,126,1.80,372,test
2hrx,A,2hrx_A,191,1.90,606,train
2odm,A,2odm_A,79,2.24,218,train
4goc,A,4goc_A,76,2.40,197,train
5uvr,A,5uvr_A,98,1.70,256,train
9lqm,A,9lqm_A,81,1.39,228,train
3n9d,A,3n9d_A,148,2.30,488,val
7avc,AAA,7avc_AAA,143,1.20,430,test
7blk,A,7blk_A,142,1.06,478,train
5my3,A,5my3_A,206,2.19,655,train
1s2x,A,1s2x_A,180,1.90,593,train
1pw3,A,1pw3_A,111,1.90,347,train
3exv,A,3exv_A,197,1.45,646,val
2au9,A,2au9_A,175,1.30,590,train
2nnc,A,2nnc_A,110,2.14,326,train
4gsp,A,4gsp_A,104,1.65,284,train
5kc5,A,5kc5_A,137,2.35,428,train
7xe5,A,7xe5_A,164,1.30,538,train
3guq,A,3guq_A,142,2.47,415,train
1p3t,A,1p3t_A,199,2.10,628,train
4yto,A,4yto_A,95,2.00,220,test
1di7,A,1di7_A,185,1.60,586,train
2pcs,A,2pcs_A,152,2.40,477,train
4d63,A,4d63_A,138,2.20,406,train
3hil,A,3hil_A,63,2.00,181,train
2ouj,A,2ouj_A,204,1.90,685,train
5yzp,A,5yzp_A,195,1.58,603,train
6rym,A,6rym_A,122,1.46,390,train
2od5,A,2od5_A,91,1.79,241,train
2peq,A,2peq_A,109,1.90,300,train
5yfk,A,5yfk_A,211,1.80,730,train
1bfa,A,1bfa_A,116,2.20,355,train
3b2l,A,3b2l_A,126,2.25,373,train
7dg7,A,7dg7_A,86,1.60,270,train
1msb,A,1msb_A,115,2.30,366,train
4j10,A,4j10_A,88,1.44,225,train
7qyv,A,7qyv_A,103,2.25,315,train
2i6v,A,2i6v_A,87,1.63,250,train
5vog,A,5vog_A,176,1.50,516,train
5vyg,B,5vyg_B,43,2.20,97,train
5jfb,A,5jfb_A,104,2.00,322,train
8k8c,A,8k8c_A,60,2.06,140,train
7kyw,A,7kyw_A,131,2.30,419,train
3m7k,A,3m7k_A,142,1.92,441,test
3b81,A,3b81_A,183,2.10,564,train
1vqd,A,1vqd_A,86,1.82,198,train
3t7z,A,3t7z_A,119,1.70,370,train
8wc1,A,8wc1_A,151,1.30,490,train
2rff,A,2rff_A,111,1.40,337,train
7aht,A,7aht_A,65,2.16,156,val
2e2c,A,2e2c_A,156,2.00,465,val
1k9k,A,1k9k_A,89,1.76,242,train
7w3n,A,7w3n_A,90,1.60,234,train
4hll,A,4hll_A,154,2.20,536,train
4r8o,A,4r8o_A,98,2.50,251,train
2ra5,A,2ra5_A,150,2.40,437,train
2ojl,A,2ojl_A,79,2.10,231,train
9etd,A,9etd_A,123,2.30,326,val
3jrn,A,3jrn_A,151,2.00,479,train
6lh6,A,6lh6_A,71,1.40,144,val
1t4a,A,1t4a_A,80,2.00,198,train
1eb6,A,1eb6_A,177,1.00,618,train
6cff,A,6cff_A,168,2.40,517,train
3czc,A,3czc_A,93,2.02,264,train
7xwf,A,7xwf_A,73,1.45,194,train
4ep5,A,4ep5_A,157,2.08,517,test
4lhr,A,4lhr_A,134,1.50,364,train
6a07,A,6a07_A,170,1.50,500,test
3vy7,A,3vy7_A,138,2.14,476,val
6iie,A,6iie_A,87,2.14,253,val
1boq,A,1boq_A,198,2.10,699,train
7c4r,A,7c4r_A,54,2.44,141,train
6u83,A,6u83_A,154,2.36,446,train
6i50,A,6i50_A,157,1.69,483,test
1dg6,A,1dg6_A,149,1.30,450,train
1h3q,A,1h3q_A,140,2.40,424,train
4xo2,A,4xo2_A,60,1.95,132,train
7bae,A,7bae_A,57,1.20,165,train
9fw7,A,9fw7_A,199,2.00,674,train
1qrl,A,1qrl_A,214,1.85,692,train
2nto,A,2nto_A,201,2.10,636,train
3iwx,A,3iwx_A,67,2.14,201,train
2wra,A,2wra_A,122,1.10,366,train
7zhl,A,7zhl_A,113,2.20,330,train
1qqu,A,1qqu_A,223,1.63,759,train
1yea,A,1yea_A,112,1.90,324,train
3fkc,A,3fkc_A,113,1.70,311,train
1mi0,A,1mi0_A,61,1.85,144,train
7mju,A,7mju_A,184,2.10,541,train
1xnb,A,1xnb_A,185,1.49,645,train
2v0w,A,2v0w_A,146,1.70,459,test
1au3,A,1au3_A,215,2.50,747,train
4u9r,A,4u9r_A,147,2.17,413,test
3lx7,A,3lx7_A,143,1.78,421,train
2gu3,A,2gu3_A,128,1.74,402,val
3ame,A,3ame_A,66,2.30,190,train
4x1l,A,4x1l_A,127,2.16,413,train
6ek9,A,6ek9_A,121,1.50,409,train
4ybt,A,4ybt_A,178,1.82,510,test
5gw6,A,5gw6_A,182,1.97,597,train
3trg,A,3trg_A,95,1.60,281,train
3h34,A,3h34_A,70,1.60,137,val
5odj,A,5odj_A,179,1.50,551,train
8k4i,A,8k4i_A,163,1.48,499,train
1y9l,A,1y9l_A,110,1.50,305,train
1up9,A,1up9_A,107,1.35,226,train
4fo5,A,4fo5_A,136,2.02,417,train
7xnd,B,7xnd_B,169,1.60,510,val
6csl,A,6csl_A,71,1.92,201,train
8bjd,A,8bjd_A,208,2.40,588,train
1le4,A,1le4_A,139,2.50,446,train
1gbs,A,1gbs_A,185,1.50,655,val
1d06,A,1d06_A,130,1.40,364,val
5ydo,A,5ydo_A,209,2.00,659,test
4che,A,4che_A,161,1.80,522,train
1r5p,A,1r5p_A,90,2.20,278,train
5a4n,A,5a4n_A,68,1.96,164,train
4fxh,A,4fxh_A,88,2.40,228,train
3fzx,A,3fzx_A,212,2.22,712,train
1erw,A,1erw_A,105,1.80,323,train
2wm8,A,2wm8_A,170,1.75,550,train
1jko,C,1jko_C,46,2.24,104,train
2hwx,A,2hwx_A,165,1.90,477,train
1s35,A,1s35_A,211,2.40,670,val
4ttp,A,4ttp_A,201,2.20,621,train
4y9i,A,4y9i_A,114,1.50,327,train
3tg8,A,3tg8_A,214,1.95,681,train
7qf7,A,7qf7_A,129,1.47,372,val
1uzp,A,1uzp_A,152,1.78,467,train
2c0n,A,2c0n_A,191,1.86,622,train
8hjj,A,8hjj_A,71,2.40,183,val
1k53,A,1k53_A,72,2.10,187,train
8a9w,A,8a9w_A,75,1.90,217,train
3tl4,X,3tl4_X,186,2.30,548,train
5zrg,A,5zrg_A,126,1.30,406,train
5tf3,A,5tf3_A,131,2.00,422,train
6ndw,B,6ndw_B,177,1.73,572,train
4pmr,A,4pmr_A,202,1.81,696,test
5ug6,A,5ug6_A,123,2.00,380,train
3rdj,A,3rdj_A,137,1.90,435,train
3n4j,A,3n4j_A,161,1.47,483,train
5ckh,A,5ckh_A,103,2.45,312,test
8t8l,A,8t8l_A,183,1.90,551,train
8jyv,A,8jyv_A,241,1.86,735,train
1y6x,A,1y6x_A,87,1.25,232,test
5h9h,A,5h9h_A,74,2.50,213,train
3toe,A,3toe_A,86,2.20,256,train
1pf5,A,1pf5_A,130,2.50,370,train
8h43,A,8h43_A,60,2.30,146,train
7vur,A,7vur_A,65,1.70,171,train
5ytv,A,5ytv_A,75,1.70,209,train
3zzo,A,3zzo_A,93,1.15,262,train
7b7j,A,7b7j_A,91,1.66,245,train
9c8z,A,9c8z_A,60,1.41,171,train
4xu6,A,4xu6_A,189,1.90,632,val
3f3x,A,3f3x_A,140,1.90,408,test
1g8e,A,1g8e_A,98,1.80,226,train
6ahx,A,6ahx_A,60,2.00,148,train
9m85,A,9m85_A,190,1.83,653,train
4a4y,A,4a4y_A,128,1.57,297,val
3hzp,A,3hzp_A,128,1.40,382,train
1b4b,A,1b4b_A,71,2.20,210,train
4ryq,A,4ryq_A,151,1.70,519,train
1wna,A,1wna_A,127,1.58,402,train
4raj,A,4raj_A,216,1.84,730,train
3erf,A,3erf_A,208,2.23,703,train
1wkx,A,1wkx_A,43,1.70,121,train
3kng,A,3kng_A,98,1.90,263,train
1ab5,A,1ab5_A,125,2.40,400,train
6umv,A,6umv_A,116,1.42,328,test
3wvt,A,3wvt_A,102,1.60,277,train
27af,A,27af_A,179,1.52,610,train
3gsh,A,3gsh_A,91,1.80,258,test
8ah9,A,8ah9_A,115,1.75,346,val
4okc,A,4okc_A,107,2.25,252,train
1i6a,A,1i6a_A,212,2.30,670,test
7skp,A,7skp_A,70,2.50,178,train
3rgq,A,3rgq_A,156,2.05,541,train
8phn,A,8phn_A,124,1.90,382,train
1q9s,A,1q9s_A,149,2.42,453,train
4j9j,A,4j9j_A,227,2.30,766,train
5ng4,A,5ng4_A,54,2.14,111,val
4qmj,A,4qmj_A,229,2.50,767,train
2hiq,A,2hiq_A,96,2.00,263,test
3iid,A,3iid_A,185,1.90,614,train
8z3j,A,8z3j_A,132,1.52,433,train
6i05,A,6i05_A,76,1.21,212,train
7soq,A,7soq_A,90,1.15,268,test
4es3,A,4es3_A,84,1.70,222,train
6btg,A,6btg_A,207,1.70,728,train
8vfo,A,8vfo_A,115,1.35,324,train
1sra,A,1sra_A,151,2.00,462,train
3tps,A,3tps_A,113,1.85,301,train
2gbz,A,2gbz_A,179,2.30,581,train
8p0z,A,8p0z_A,157,1.88,501,train
2opa,A,2opa_A,61,2.40,132,train
2eff,A,2eff_A,106,1.80,329,train
5x3d,A,5x3d_A,126,1.93,381,train
5h48,A,5h48_A,136,2.20,426,train
2obp,A,2obp_A,81,1.70,229,train
1kdi,A,1kdi_A,102,1.80,287,train
9cte,A,9cte_A,110,2.26,321,train
3h8h,A,3h8h_A,92,2.00,258,train
3fdr,A,3fdr_A,89,1.75,247,train
6lvu,A,6lvu_A,78,2.29,239,test
3uk3,C,3uk3_C,52,2.10,119,train
7x4d,A,7x4d_A,37,1.55,96,train
9ms6,A,9ms6_A,188,2.15,628,train
3gk5,A,3gk5_A,100,2.40,299,train
9f9u,A,9f9u_A,170,1.68,524,train
3rsn,A,3rsn_A,165,2.10,472,train
1qb2,A,1qb2_A,107,2.10,274,train
8af1,A,8af1_A,179,1.57,635,train
3dt5,A,3dt5_A,119,1.94,371,train
5nfd,A,5nfd_A,75,2.18,202,train
4ohb,A,4ohb_A,159,2.40,512,train
3d00,A,3d00_A,184,1.90,547,train
7s42,A,7s42_A,145,1.35,439,test
4oie,A,4oie_A,177,1.85,576,train
8b2m,A,8b2m_A,96,1.70,246,train
3cp5,A,3cp5_A,116,1.24,351,train
7ju2,A,7ju2_A,77,1.85,223,train
6lxq,A,6lxq_A,183,1.85,606,train
2ch9,A,2ch9_A,126,2.10,324,train
1upq,A,1upq_A,107,1.48,308,test
4uno,A,4uno_A,95,1.95,280,train
1b6w,A,1b6w_A,68,2.05,158,train
5k34,A,5k34_A,113,1.15,342,train
1kex,A,1kex_A,155,1.90,533,test
1rym,A,1rym_A,185,1.80,615,train
2ew1,A,2ew1_A,171,2.00,542,train
2c05,A,2c05_A,135,1.86,427,val
1b9w,A,1b9w_A,91,1.80,252,test
7kh3,A,7kh3_A,140,1.50,397,train
7vjs,A,7vjs_A,206,1.79,643,train
4kow,A,4kow_A,159,1.45,506,train
7wzc,A,7wzc_A,184,1.80,574,train
4b6m,A,4b6m_A,80,1.59,231,val
3kg4,A,3kg4_A,184,1.95,552,train
6vi8,A,6vi8_A,176,1.95,526,train
3jz9,A,3jz9_A,197,1.80,642,val
1py9,A,1py9_A,116,1.80,364,train
4uos,A,4uos_A,188,1.63,579,train
2w7v,A,2w7v_A,82,2.30,246,train
2xfd,A,2xfd_A,109,1.19,364,train
5apw,A,5apw_A,67,1.60,132,val
7e9v,A,7e9v_A,192,2.10,592,train
2i9x,A,2i9x_A,86,1.80,227,train
1f97,A,1f97_A,207,2.50,626,train
5of2,A,5of2_A,191,1.86,570,train
1cmb,A,1cmb_A,104,1.80,254,val
6rp3,A,6rp3_A,160,1.81,488,train
1t4o,A,1t4o_A,81,2.50,246,val
8pab,AA,8pab_AA,148,1.80,437,test
3mxu,A,3mxu_A,134,1.80,419,train
3sul,A,3sul_A,121,1.63,409,train
3h8n,A,3h8n_A,195,2.50,612,val
5fnw,A,5fnw_A,185,2.45,580,train
4kfv,A,4kfv_A,199,2.20,608,train
6ez7,A,6ez7_A,82,1.90,239,test
1ocs,A,1ocs_A,132,2.03,382,train
3wo6,A,3wo6_A,212,2.40,622,test
6ucl,A,6ucl_A,60,2.21,140,train
2ic6,A,2ic6_A,71,1.15,197,test
5e0y,A,5e0y_A,68,2.00,203,train
4low,A,4low_A,84,1.30,240,val
5dvh,A,5dvh_A,185,1.80,591,train
4go7,X,4go7_X,165,2.00,533,train
5fie,A,5fie_A,142,2.00,391,train
3u3b,A,3u3b_A,104,1.85,307,train
1utx,A,1utx_A,66,1.90,181,train
7csn,A,7csn_A,196,1.00,693,train
6z2g,A,6z2g_A,89,1.95,259,train
2j5y,A,2j5y_A,61,1.40,161,val
2gom,A,2gom_A,61,1.25,175,train
1pi2,A,1pi2_A,61,2.50,140,train
3jwg,A,3jwg_A,195,1.90,626,train
4ps2,A,4ps2_A,79,2.00,201,train
3wmq,A,3wmq_A,94,1.60,260,train
3f3q,A,3f3q_A,109,1.76,326,val
2oh3,A,2oh3_A,149,2.00,456,train
1f9p,A,1f9p_A,81,1.93,163,train
9rpp,A,9rpp_A,71,2.18,166,train
7txo,A,7txo_A,102,2.50,300,train
2p08,A,2p08_A,107,2.00,315,test
1eyt,A,1eyt_A,83,1.50,219,train
5lzn,A,5lzn_A,111,1.40,336,train
7dtj,A,7dtj_A,173,2.40,507,train
9ovi,A,9ovi_A,67,1.50,177,train
5eys,A,5eys_A,148,1.75,458,train
8rdd,B,8rdd_B,164,1.80,511,test
1ewp,A,1ewp_A,215,1.75,738,train
8rpo,A,8rpo_A,147,1.79,467,train
6u9z,A,6u9z_A,82,1.95,248,train
1bk7,A,1bk7_A,190,1.75,632,train
3l1e,A,3l1e_A,105,1.15,228,train
5bv6,A,5bv6_A,150,1.94,480,train
6rjx,A,6rjx_A,157,2.35,479,train
7y62,A,7y62_A,74,2.00,159,train
2ce1,A,2ce1_A,100,1.40,300,train
4tx4,B,4tx4_B,79,1.95,160,train
2qpw,A,2qpw_A,147,1.79,403,train
3cdy,A,3cdy_A,108,2.43,351,train
6fc5,A,6fc5_A,84,1.88,255,train
4h8m,A,4h8m_A,31,1.43,60,val
6l5a,A,6l5a_A,208,1.80,660,train
5tpk,A,5tpk_A,202,2.00,593,train
3s0r,A,3s0r_A,30,2.45,63,train
2od4,A,2od4_A,101,1.70,281,train
7z8a,AAA,7z8a_AAA,115,2.06,324,test
9cum,A,9cum_A,58,1.15,161,test
1oqq,A,1oqq_A,106,1.47,328,test
1bxy,A,1bxy_A,60,1.90,161,train
8i1m,A,8i1m_A,193,1.70,623,train
8yk7,A,8yk7_A,80,1.35,219,val
4lpb,A,4lpb_A,193,1.75,648,train
9lni,A,9lni_A,212,1.61,734,train
7w86,A,7w86_A,117,1.80,334,train
8xkt,A,8xkt_A,93,2.50,304,train
7vy4,A,7vy4_A,224,2.22,776,train
3dt6,A,3dt6_A,212,2.10,701,train
1a1j,A,1a1j_A,84,2.00,183,train
5ckg,A,5ckg_A,100,1.75,294,train
2q3h,A,2q3h_A,171,1.73,558,train
2ets,A,2ets_A,115,2.25,373,test
5ks2,A,5ks2_A,209,2.18,658,train
5dfg,A,5dfg_A,116,1.97,314,train
5mpi,A,5mpi_A,205,2.35,593,train
2npo,A,2npo_A,193,2.20,603,val
3pmd,A,3pmd_A,153,1.76,466,train
4wb4,A,4wb4_A,41,2.03,81,val
2oy9,A,2oy9_A,85,1.60,241,train
9c7o,A,9c7o_A,79,2.29,214,train
3njl,A,3njl_A,119,1.75,322,train
7f2g,A,7f2g_A,213,1.90,643,train
4h7r,A,4h7r_A,33,1.33,61,train
4kmf,A,4kmf_A,62,1.70,181,train
1qad,A,1qad_A,104,1.80,315,val
7as6,A,7as6_A,131,2.00,402,train
7upz,A,7upz_A,64,2.49,140,train
1k95,A,1k95_A,161,1.90,485,train
3goe,A,3goe_A,80,0.97,211,train
7qwc,C,7qwc_C,30,1.69,56,train
7sta,A,7sta_A,64,2.50,159,train
9ejy,A,9ejy_A,127,1.90,385,train
2wq0,A,2wq0_A,31,1.12,58,val
8pw4,A,8pw4_A,83,2.30,193,val
1b4t,A,1b4t_A,153,1.80,515,train
2cro,A,2cro_A,65,2.35,191,train
3bt5,A,3bt5_A,151,1.35,531,train
1fbs,A,1fbs_A,88,2.00,244,train
4grf,A,4grf_A,140,1.76,455,train
8x2q,A,8x2q_A,109,2.00,290,train
9dbc,A,9dbc_A,109,2.30,332,train
5hub,A,5hub_A,79,1.06,189,train
1mz4,A,1mz4_A,131,1.80,403,val
2a4v,A,2a4v_A,156,1.80,546,train
5oeh,A,5oeh_A,230,2.35,691,train
1m4a,A,1m4a_A,114,2.18,361,train
6o8k,A,6o8k_A,93,2.12,267,train
1l8d,A,1l8d_A,103,2.20,289,train
2vy9,A,2vy9_A,115,2.30,331,train
3il8,A,3il8_A,68,2.00,171,val
5kjy,A,5kjy_A,140,2.00,447,train
4pe1,A,4pe1_A,89,1.58,250,train
1pgv,A,1pgv_A,167,1.80,554,train
3vmz,A,3vmz_A,48,1.55,106,val
2ill,A,2ill_A,195,2.20,589,train
1ezg,A,1ezg_A,82,1.40,269,train
5jog,A,5jog_A,221,2.46,638,train
6j5y,A,6j5y_A,233,1.98,769,train
3byp,A,3byp_A,82,1.70,225,test
1fw1,A,1fw1_A,208,1.90,698,train
5h20,A,5h20_A,103,2.50,267,val
9jp6,A,9jp6_A,74,2.30,200,train
7txp,A,7txp_A,209,1.45,713,val
6miu,A,6miu_A,57,1.90,136,train
2mcm,A,2mcm_A,112,1.50,325,train
3zit,A,3zit_A,74,1.18,207,train
8gl3,A,8gl3_A,189,2.30,630,train
9fcd,A,9fcd_A,213,1.50,705,train
1mkk,A,1mkk_A,93,1.32,239,val
1fel,A,1fel_A,175,1.80,522,train
1uxo,A,1uxo_A,186,1.80,617,train
7plp,A,7plp_A,42,1.40,101,train
1wc2,A,1wc2_A,180,1.20,614,test
1uj8,A,1uj8_A,73,1.75,197,train
6ta9,A,6ta9_A,182,1.36,627,train
2bhk,A,2bhk_A,105,2.40,286,train
6j44,A,6j44_A,126,2.06,358,test
5m31,A,5m31_A,151,1.67,493,train
2nq3,A,2nq3_A,131,1.80,402,val
7oc9,A,7oc9_A,133,1.50,389,train
4htj,A,4htj_A,89,2.01,259,val
1wk2,A,1wk2_A,84,2.50,222,train
2c2c,A,2c2c_A,112,2.00,325,train
8bjp,AAA,8bjp_AAA,109,2.10,303,val
3ric,A,3ric_A,207,2.10,649,train
3lnq,A,3lnq_A,58,2.25,154,train
8boj,A,8boj_A,96,1.50,269,train
2et7,A,2et7_A,201,1.70,569,train
2e4q,A,2e4q_A,108,1.80,331,test
2ogq,A,2ogq_A,211,1.95,709,train
2zxy,A,2zxy_A,86,1.15,239,train
2ofy,A,2ofy_A,82,1.70,213,train
4l9e,A,4l9e_A,115,1.65,358,train
2cl3,A,2cl3_A,202,1.90,579,train
4iqc,A,4iqc_A,107,1.90,339,train
4ggj,A,4ggj_A,165,1.75,532,train
5x2e,A,5x2e_A,80,1.30,236,train
2r1q,A,2r1q_A,78,2.50,252,test
6w46,A,6w46_A,31,1.25,1,val
4ess,A,4ess_A,158,2.00,499,test
3jrz,A,3jrz_A,99,1.70,290,train
1d0q,A,1d0q_A,102,1.71,299,train
3ray,A,3ray_A,159,1.73,481,train
5a9c,A,5a9c_A,203,1.71,638,train
5dhe,A,5dhe_A,100,1.60,308,train
4eaa,A,4eaa_A,210,1.45,709,train
3dfg,A,3dfg_A,142,1.50,441,train
7dus,A,7dus_A,133,2.50,361,train
4oxp,A,4oxp_A,200,2.10,603,test
3lfo,A,3lfo_A,101,1.80,325,val
3dju,B,3dju_B,121,2.26,379,train
7l9c,A,7l9c_A,127,1.85,370,train
6t7o,A,6t7o_A,59,1.60,143,val
1s30,A,1s30_A,190,2.05,597,train
1u9u,A,1u9u_A,82,1.86,221,train
4nc7,A,4nc7_A,79,2.00,179,train
3hfn,A,3hfn_A,60,2.31,163,train
1vjw,A,1vjw_A,59,1.75,151,test
4ls4,A,4ls4_A,90,1.66,250,train
4tno,A,4tno_A,84,2.14,219,train
5h1n,A,5h1n_A,70,1.47,152,train
7csx,A,7csx_A,169,2.50,510,train
2p0d,A,2p0d_A,107,1.81,329,train
2eif,A,2eif_A,133,1.80,378,val
1ov9,A,1ov9_A,45,2.30,92,train
6jnl,A,6jnl_A,89,2.15,209,test
6o0p,A,6o0p_A,141,1.80,461,train
7f8l,A,7f8l_A,104,1.76,247,train
4q2l,A,4q2l_A,64,1.07,172,train
1zma,A,1zma_A,118,1.25,374,val
1kr7,A,1kr7_A,110,1.50,311,train
5mg9,A,5mg9_A,65,1.80,169,train
2qvo,A,2qvo_A,87,1.85,253,train
1m1h,A,1m1h_A,182,1.95,550,test
7zg6,A,7zg6_A,53,1.95,107,val
2jac,A,2jac_A,108,2.02,331,train
2fdr,A,2fdr_A,222,2.00,747,train
4qpo,A,4qpo_A,53,2.00,101,train
3q1d,A,3q1d_A,47,2.15,119,test
6hj6,A,6hj6_A,159,1.98,493,train
6xwh,C,6xwh_C,80,2.10,217,train
9gii,A,9gii_A,116,1.70,321,train
3dlr,A,3dlr_A,155,2.20,499,train
6ovs,A,6ovs_A,34,1.80,71,train
2bvz,A,2bvz_A,98,2.20,280,train
2gkp,A,2gkp_A,164,1.35,536,train
2w0i,A,2w0i_A,135,1.80,423,train
6jie,B,6jie_B,77,1.75,208,val
9tzg,A,9tzg_A,118,1.55,403,train
1z07,A,1z07_A,165,1.81,516,test
5nkx,A,5nkx_A,111,2.00,310,train
1n7e,A,1n7e_A,95,1.50,245,test
2okm,A,2okm_A,146,1.65,460,test
4e72,A,4e72_A,218,2.15,662,train
5w5b,A,5w5b_A,224,1.80,728,train
2oj4,A,2oj4_A,127,2.30,413,train
3clj,A,3clj_A,146,2.10,491,test
6h7a,A,6h7a_A,80,2.03,225,train
6t1o,A,6t1o_A,141,1.90,410,train
7ars,A,7ars_A,35,1.15,83,train
8rdl,A,8rdl_A,206,2.10,641,train
1tuw,A,1tuw_A,106,1.90,255,train
1hjj,A,1hjj_A,188,1.65,601,train
2d4p,A,2d4p_A,130,1.70,368,train
2qif,A,2qif_A,69,1.50,198,train
2a15,A,2a15_A,133,1.68,400,train
2j1l,A,2j1l_A,157,2.50,474,test
2akf,A,2akf_A,32,1.20,70,train
4ipt,A,4ipt_A,218,1.55,719,test
3ngg,A,3ngg_A,46,1.33,112,train
1f32,A,1f32_A,127,1.75,368,train
2ymy,A,2ymy_A,40,1.69,96,train
3r3q,A,3r3q_A,153,1.45,426,train
1lsv,A,1lsv_A,117,2.40,340,train
1n5t,A,1n5t_A,112,1.90,297,train
9h0a,A,9h0a_A,185,2.10,557,train
2nmu,A,2nmu_A,137,1.80,415,train
1r6y,A,1r6y_A,103,2.20,284,train
2ril,A,2ril_A,95,1.26,246,val
3umf,A,3umf_A,188,2.05,561,train
4pno,A,4pno_A,64,0.97,181,train
5zn9,A,5zn9_A,99,1.78,289,train
7vr6,A,7vr6_A,185,2.50,575,train
8a59,A,8a59_A,221,1.92,685,train
9p0d,A,9p0d_A,156,1.50,524,train
3wjv,A,3wjv_A,176,2.40,565,train
3e9u,A,3e9u_A,162,2.50,486,train
4lpy,A,4lpy_A,97,1.92,191,train
2atz,A,2atz_A,176,2.00,529,train
8j40,A,8j40_A,209,1.57,629,val
1jgg,A,1jgg_A,57,2.00,149,train
9i9m,AAA,9i9m_AAA,165,1.54,505,test
7fbw,A,7fbw_A,186,1.90,655,train
5oc5,A,5oc5_A,93,1.89,257,train
2es9,A,2es9_A,100,2.00,291,train
1y2f,A,1y2f_A,139,2.00,442,train
5oi7,A,5oi7_A,88,1.67,187,train
5fgp,A,5fgp_A,144,2.00,426,train
2hxm,A,2hxm_A,223,1.30,758,train
3up9,A,3up9_A,239,2.35,804,train
4etu,A,4etu_A,183,2.19,549,train
3fyq,A,3fyq_A,179,1.95,591,train
3asd,A,3asd_A,137,2.45,456,train
2fsr,A,2fsr_A,171,1.52,529,train
8u2f,A,8u2f_A,137,2.00,411,val
8sdw,A,8sdw_A,170,1.75,533,train
4z5d,A,4z5d_A,71,2.15,184,train
1yrv,A,1yrv_A,153,2.18,458,train
3evp,A,3evp_A,224,1.45,771,train
6cdx,A,6cdx_A,37,1.00,84,train
9txq,A,9txq_A,100,1.10,289,train
7jub,A,7jub_A,122,1.20,390,train
2ooc,A,2ooc_A,104,1.52,323,val
4f55,A,4f55_A,128,1.85,382,train
5xbn,A,5xbn_A,128,1.76,397,train
4le1,A,4le1_A,132,1.95,395,train
1s7z,A,1s7z_A,106,1.83,301,train
3gw2,A,3gw2_A,93,2.10,271,train
8ckr,A,8ckr_A,136,1.30,434,train
3k6d,A,3k6d_A,99,1.80,285,train
7pdc,A,7pdc_A,30,1.83,60,train
2anr,A,2anr_A,155,1.94,473,train
5e1x,A,5e1x_A,168,1.46,455,train
2hpj,A,2hpj_A,99,1.70,308,train
5wxx,A,5wxx_A,227,2.35,763,test
6s7e,A,6s7e_A,222,1.82,677,train
7dkl,A,7dkl_A,215,1.50,680,train
4p7u,A,4p7u_A,102,1.50,306,test
1dcf,A,1dcf_A,133,2.50,401,train
3nnc,A,3nnc_A,175,2.20,521,train
2g3a,A,2g3a_A,137,1.90,344,train
4lqd,A,4lqd_A,125,2.45,365,train
8jwd,A,8jwd_A,123,1.33,394,train
2aan,A,2aan_A,123,1.85,398,val
7bk7,AAA,7bk7_AAA,95,2.30,273,train
3l8f,A,3l8f_A,183,1.79,617,val
3o15,A,3o15_A,219,1.95,732,train
7sq3,A,7sq3_A,146,2.45,422,train
5njn,A,5njn_A,120,1.60,373,train
4ibn,A,4ibn_A,211,1.62,640,train
2cwp,A,2cwp_A,109,2.10,301,train
3rn4,A,3rn4_A,205,1.79,697,train
1hxr,A,1hxr_A,107,1.65,344,train
7kpi,A,7kpi_A,140,1.70,455,train
3c19,A,3c19_A,177,2.50,505,train
1xd6,A,1xd6_A,110,2.00,349,train
2z3x,A,2z3x_A,56,2.10,128,val
7b2d,A,7b2d_A,156,1.96,481,test
1sau,A,1sau_A,114,1.12,378,train
7njh,A,7njh_A,147,2.50,422,val
4gqw,A,4gqw_A,132,2.20,379,train
6zsy,A,6zsy_A,48,0.93,118,train
3gyw,A,3gyw_A,180,2.40,553,val
4wbr,D,4wbr_D,157,1.40,501,train
2hxs,A,2hxs_A,178,1.10,564,train
4oxw,A,4oxw_A,106,1.73,319,train
6wi5,A,6wi5_A,90,1.83,251,test
5awe,A,5awe_A,205,2.45,626,train
3f42,A,3f42_A,93,1.78,259,train
4j8p,A,4j8p_A,156,1.50,481,train
4pz1,A,4pz1_A,97,1.73,211,train
3txy,A,3txy_A,190,1.70,606,train
4cjd,A,4cjd_A,123,2.06,293,train
1dah,A,1dah_A,224,1.64,723,train
2fwv,A,2fwv_A,190,1.70,564,train
1x9g,A,1x9g_A,192,2.41,643,train
1hy5,A,1hy5_A,120,2.25,404,val
8oyk,A,8oyk_A,32,1.90,60,train
9x1w,A,9x1w_A,88,1.46,256,train
2ugi,A,2ugi_A,83,2.20,229,train
3qoo,A,3qoo_A,135,1.25,408,train
1ws1,A,1ws1_A,151,2.00,502,train
4v2a,A,4v2a_A,248,2.40,677,train
8x0z,A,8x0z_A,216,2.10,765,train
2wux,A,2wux_A,213,1.84,588,train
3bz6,A,3bz6_A,168,2.21,520,train
1fzv,A,1fzv_A,100,2.00,238,train
2v6h,A,2v6h_A,104,1.55,296,train
2pa1,A,2pa1_A,87,1.70,256,train
1dst,A,1dst_A,228,2.00,774,train
6ewy,A,6ewy_A,201,2.20,556,train
4mbb,A,4mbb_A,184,1.85,607,train
7yw4,A,7yw4_A,120,2.18,353,train
8jfs,A,8jfs_A,87,1.00,273,test
3rkv,A,3rkv_A,147,2.41,466,train
3b6n,A,3b6n_A,150,2.26,513,train
2f9l,A,2f9l_A,173,1.55,576,train
1pbj,A,1pbj_A,120,1.40,367,train
7r85,A,7r85_A,44,1.45,109,train
6x20,A,6x20_A,93,1.40,254,test
7jny,A,7jny_A,80,1.88,189,train
2o9g,A,2o9g_A,233,1.90,846,test
6iqe,A,6iqe_A,59,1.70,128,test
1vg1,A,1vg1_A,166,1.90,536,train
4irg,A,4irg_A,98,1.70,285,train
1dbu,A,1dbu_A,152,1.80,475,train
1z96,A,1z96_A,38,1.80,99,train
7rfd,A,7rfd_A,170,1.35,564,train
9ncz,A,9ncz_A,214,1.97,710,train
5keg,A,5keg_A,187,2.20,564,val
1mog,A,1mog_A,67,1.70,184,train
5w87,A,5w87_A,98,2.20,204,train
9jh2,A,9jh2_A,162,2.30,472,train
8gci,A,8gci_A,169,2.42,505,val
6iet,A,6iet_A,161,2.10,479,test
2xwc,A,2xwc_A,204,1.82,580,train
6ins,E,6ins_E,50,2.00,130,train
3fze,A,3fze_A,185,1.60,584,train
2jik,A,2jik_A,101,1.35,292,train
5aar,A,5aar_A,185,1.87,599,train
4mod,A,4mod_A,76,1.90,189,test
8rxa,A,8rxa_A,102,1.75,305,train
6zuq,A,6zuq_A,143,1.94,447,val
1iz4,A,1iz4_A,241,2.00,775,train
6gyg,A,6gyg_A,59,1.98,121,train
4bk8,A,4bk8_A,123,1.85,366,train
3n7d,A,3n7d_A,59,2.15,146,train
6q5o,A,6q5o_A,31,1.00,55,train
3ofj,A,3ofj_A,178,2.43,557,train
4ov1,A,4ov1_A,66,2.31,161,train
1is3,A,1is3_A,134,1.45,431,train
2ipz,A,2ipz_A,34,1.35,66,train
2e1f,A,2e1f_A,94,2.00,269,train
6m8o,A,6m8o_A,118,2.50,356,train
4zzf,A,4zzf_A,146,2.17,436,test
9d5d,M,9d5d_M,158,1.83,515,train
4y7u,A,4y7u_A,224,1.70,723,train
6kkp,A,6kkp_A,121,2.50,364,train
2cw4,A,2cw4_A,124,1.80,383,train
2pyu,A,2pyu_A,208,2.02,683,test
3d0z,A,3d0z_A,214,2.50,700,train
8h02,A,8h02_A,79,1.55,229,train
6m1c,A,6m1c_A,184,2.40,585,train
4rra,A,4rra_A,136,1.70,446,train
7nux,A,7nux_A,160,2.47,470,train
2yo2,A,2yo2_A,160,2.00,319,train
6l1s,A,6l1s_A,157,1.36,539,train
4k47,A,4k47_A,183,2.02,592,train
2ob4,A,2ob4_A,157,2.40,475,train
7qdv,A,7qdv_A,96,1.90,256,val
2wnk,A,2wnk_A,223,1.55,713,train
2lis,A,2lis_A,131,1.35,392,train
4esq,A,4esq_A,194,1.70,616,val
7eqb,A,7eqb_A,68,2.10,148,test
2nvn,A,2nvn_A,121,2.50,353,val
3wew,A,3wew_A,233,2.40,755,train
7dbs,A,7dbs_A,252,2.33,742,train
3dze,A,3dze_A,176,1.15,575,train
2qsy,A,2qsy_A,180,1.95,549,train
5elr,C,5elr_C,111,2.30,318,train
2v94,A,2v94_A,97,1.90,285,test
8pzh,A,8pzh_A,117,2.02,378,train
5lxu,A,5lxu_A,57,2.14,144,val
5lir,A,5lir_A,219,1.75,758,train
9hq8,A,9hq8_A,95,2.00,230,train
1hoe,A,1hoe_A,74,2.00,220,val
1mrs,A,1mrs_A,208,2.00,668,train
9hhb,A,9hhb_A,120,2.26,368,train
6qiy,A,6qiy_A,65,1.50,169,train
7ydt,A,7ydt_A,92,2.06,277,val
5a1q,A,5a1q_A,69,1.60,204,train
3cta,A,3cta_A,187,2.20,575,train
4d7y,A,4d7y_A,131,1.44,439,test
2ar5,A,2ar5_A,117,1.80,344,test
4fei,A,4fei_A,102,2.40,261,train
4rs8,A,4rs8_A,84,2.29,243,train
2q37,A,2q37_A,142,2.50,446,train
7peg,A,7peg_A,109,1.77,310,train
4wzg,A,4wzg_A,210,1.90,618,val
2vez,A,2vez_A,165,1.45,477,test
5vei,A,5vei_A,80,1.33,198,train
7mfw,A,7mfw_A,93,2.10,252,train
6ub0,A,6ub0_A,230,1.75,808,train
4z85,A,4z85_A,197,1.70,563,train
5kuj,A,5kuj_A,95,1.60,273,train
5b5l,A,5b5l_A,207,1.40,735,train
3vol,A,3vol_A,138,2.40,375,train
5nfl,A,5nfl_A,74,1.90,195,train
6qur,A,6qur_A,193,1.79,626,train
6ebu,A,6ebu_A,165,2.37,603,train
7oru,A,7oru_A,124,1.67,353,train
3gv3,A,3gv3_A,63,1.60,136,train
3l4h,A,3l4h_A,109,1.80,313,train
1x7n,A,1x7n_A,189,1.89,595,train
4p84,A,4p84_A,180,2.20,576,train
2b0a,A,2b0a_A,186,1.45,566,test
7cfz,A,7cfz_A,60,1.89,174,train
9nxm,A,9nxm_A,213,2.41,680,train
7vw1,A,7vw1_A,85,2.49,236,train
5fu4,A,5fu4_A,92,2.00,283,train
2wkd,A,2wkd_A,79,2.10,198,train
6n1l,A,6n1l_A,141,1.72,453,test
7sc4,A,7sc4_A,111,1.85,325,train
11ch,A,11ch_A,142,1.09,474,train
2ot9,A,2ot9_A,179,1.97,568,train
1h75,A,1h75_A,76,1.70,201,train
7yd4,A,7yd4_A,179,1.90,604,train
6ds6,A,6ds6_A,53,1.95,108,test
1z8f,A,1z8f_A,184,2.50,552,train
4zbz,A,4zbz_A,192,1.90,667,train
2wor,A,2wor_A,96,1.70,275,train
1vgj,A,1vgj_A,184,1.94,592,train
3cqv,A,3cqv_A,196,1.90,614,val
2oo9,A,2oo9_A,46,2.10,117,train
7e3r,A,7e3r_A,146,1.79,405,test
3s4r,A,3s4r_A,88,2.45,189,train
3oj0,A,3oj0_A,138,1.65,424,test
5yku,A,5yku_A,123,1.39,368,train
8r5c,A,8r5c_A,172,1.60,561,val
5qu1,A,5qu1_A,56,1.08,163,train
5zt3,A,5zt3_A,114,1.30,355,val
1wpa,A,1wpa_A,107,1.50,307,train
3c71,A,3c71_A,140,1.90,448,train
1ton,A,1ton_A,228,1.80,782,train
3rdy,A,3rdy_A,67,1.84,179,train
3kzd,A,3kzd_A,85,1.30,241,train
3lek,A,3lek_A,141,2.00,480,train
3ft7,A,3ft7_A,45,2.00,86,train
1vc1,A,1vc1_A,110,2.00,342,train
2cxy,A,2cxy_A,114,1.60,327,train
3lbj,E,3lbj_E,83,1.50,240,val
3ci1,A,3ci1_A,188,1.90,581,val
5ywj,A,5ywj_A,110,2.10,344,train
3sog,A,3sog_A,197,2.30,574,train
2qti,A,2qti_A,67,2.30,159,train
4np9,A,4np9_A,129,1.92,397,val
1wv3,A,1wv3_A,186,1.75,591,train
5zx1,A,5zx1_A,84,2.31,230,train
2y4x,A,2y4x_A,87,1.70,247,train
6bdd,A,6bdd_A,185,1.90,581,train
6on0,A,6on0_A,62,1.60,180,train
1qj8,A,1qj8_A,148,1.90,473,train
5b4y,B,5b4y_B,79,1.90,202,train
3gta,A,3gta_A,90,1.70,270,train
9dy4,A,9dy4_A,232,2.39,677,train
4neo,A,4neo_A,83,2.10,256,train
3icu,A,3icu_A,171,2.10,516,train
4he5,A,4he5_A,82,1.15,256,train
2ecs,A,2ecs_A,60,1.40,151,train
6knd,A,6knd_A,164,1.90,526,train
8xyw,A,8xyw_A,105,1.41,325,train
1fnl,A,1fnl_A,173,1.80,545,val
2qir,A,2qir_A,172,2.40,548,train
7qrc,B,7qrc_B,61,2.18,151,train
1tig,A,1tig_A,88,2.00,266,train
7rps,A,7rps_A,154,2.09,476,train
1few,A,1few_A,173,2.20,532,train
1osd,A,1osd_A,72,2.00,215,train
3mts,A,3mts_A,62,2.20,163,train
3u5s,A,3u5s_A,126,1.50,325,train
1lpj,A,1lpj_A,133,2.00,416,train
7y86,A,7y86_A,81,1.50,197,train
6bsm,A,6bsm_A,201,2.33,621,train
9ln3,A,9ln3_A,148,2.20,506,val
3lax,A,3lax_A,106,1.43,294,train
1hw7,A,1hw7_A,229,2.20,635,train
1i2t,A,1i2t_A,61,1.04,187,train
3h00,A,3h00_A,39,2.20,75,train
3vnf,A,3vnf_A,199,2.10,645,train
5y30,A,5y30_A,182,1.78,556,test
5hdg,A,5hdg_A,94,1.70,283,train
1zs7,A,1zs7_A,187,1.85,615,test
4wmh,A,4wmh_A,207,2.50,677,train
3ic5,A,3ic5_A,115,2.08,335,train
3w41,A,3w41_A,199,1.42,672,train
4gio,A,4gio_A,96,1.90,268,train
8dqa,A,8dqa_A,100,2.00,285,train
8e0c,A,8e0c_A,185,1.99,581,train
7dgy,A,7dgy_A,99,1.80,312,train
11if,A,11if_A,179,1.51,555,train
1l1s,A,1l1s_A,111,2.30,338,train
2bsw,A,2bsw_A,145,1.63,466,train
2wv3,A,2wv3_A,188,1.95,592,train
1pdo,A,1pdo_A,129,1.70,402,train
3sz7,A,3sz7_A,151,1.72,427,train
4ale,A,4ale_A,166,1.48,564,train
9avk,A,9avk_A,101,1.46,280,val
4ug1,A,4ug1_A,71,1.60,111,train
4lh9,A,4lh9_A,40,2.05,49,train
4orl,A,4orl_A,110,1.40,355,train
7s0r,A,7s0r_A,85,2.50,230,train
7xn2,A,7xn2_A,148,1.60,445,test
2y44,A,2y44_A,184,1.65,603,train
5ez9,A,5ez9_A,30,1.80,54,train
6w9o,A,6w9o_A,162,1.47,517,train
1g2e,A,1g2e_A,167,2.30,505,train
2quo,A,2quo_A,123,1.75,366,train
2oqo,A,2oqo_A,181,2.10,576,test
3noj,A,3noj_A,235,1.82,769,train
6kfd,A,6kfd_A,162,1.55,501,test
7u3h,A,7u3h_A,163,1.80,485,train
4yc5,A,4yc5_A,215,1.75,716,test
7bat,A,7bat_A,30,1.77,58,train
2esw,A,2esw_A,60,2.01,169,test
6d8i,A,6d8i_A,79,1.65,221,train
3cd4,A,3cd4_A,178,2.20,561,train
1rr7,A,1rr7_A,94,2.20,225,train
4qrk,A,4qrk_A,212,1.95,628,train
7bwh,A,7bwh_A,88,1.40,233,train
2zfc,A,2zfc_A,44,1.50,95,train
3lf9,A,3lf9_A,120,2.00,350,train
3ab9,A,3ab9_A,127,1.65,403,train
3kxr,A,3kxr_A,171,2.41,505,train
1bxm,A,1bxm_A,99,2.15,277,test
2cbg,A,2cbg_A,210,2.50,720,test
9rbe,A,9rbe_A,208,2.10,690,train
6x1r,A,6x1r_A,94,1.30,278,train
1xak,A,1xak_A,68,1.80,170,train
1s98,A,1s98_A,97,2.30,254,train
3ta5,A,3ta5_A,118,1.52,365,train
1utl,M,1utl_M,222,1.70,773,train
3my2,A,3my2_A,126,2.20,376,train
2hw2,A,2hw2_A,138,1.45,396,train
4m6t,A,4m6t_A,177,2.50,446,train
2bqy,A,2bqy_A,170,2.30,535,train
1gyj,A,1gyj_A,76,2.10,162,train
3b73,A,3b73_A,88,2.12,282,train
4qtj,A,4qtj_A,154,2.10,452,train
1gvl,A,1gvl_A,223,1.80,750,test
1a64,A,1a64_A,94,2.00,131,train
3a5a,A,3a5a_A,152,1.83,480,val
4uj7,A,4uj7_A,208,1.54,630,train
3bjo,A,3bjo_A,103,2.05,302,train
5btz,A,5btz_A,132,1.60,420,train
4ggr,A,4ggr_A,106,1.90,315,train
1m8a,A,1m8a_A,61,1.70,141,train
4h4a,A,4h4a_A,151,2.20,474,train
1rv9,A,1rv9_A,242,1.53,875,train
4o6g,A,4o6g_A,174,1.55,578,train
2fcb,A,2fcb_A,173,1.74,536,train
4b9c,A,4b9c_A,150,1.17,496,test
3wyz,A,3wyz_A,212,2.21,721,train
5y6h,A,5y6h_A,110,1.77,321,train
9zjq,A,9zjq_A,241,2.20,799,train
7al1,A,7al1_A,85,1.40,238,train
1zox,A,1zox_A,110,2.10,358,train
5y3c,A,5y3c_A,83,1.96,216,train
8i33,A,8i33_A,41,1.62,95,val
1yb2,A,1yb2_A,230,2.01,688,train
7ct3,A,7ct3_A,120,1.85,380,train
1yh2,A,1yh2_A,156,2.00,483,train
1tvg,A,1tvg_A,136,1.60,441,train
2cmt,A,2cmt_A,164,1.50,574,train
9jq8,A,9jq8_A,109,1.79,324,train
2cjj,A,2cjj_A,63,1.90,156,train
2qz4,A,2qz4_A,223,2.22,691,train
4i68,A,4i68_A,90,1.63,236,train
3un0,B,3un0_B,107,2.30,334,train
2fq4,A,2fq4_A,184,1.79,576,train
2bdt,A,2bdt_A,172,2.40,529,train
8jjh,B,8jjh_B,202,1.61,627,train
2jku,A,2jku_A,35,1.50,44,train
3le1,A,3le1_A,87,1.51,274,train
3aih,A,3aih_A,110,2.10,306,train
3pis,D,3pis_D,39,2.00,94,train
6xiy,A,6xiy_A,129,2.31,403,train
8zey,A,8zey_A,64,1.73,173,train
1tn4,A,1tn4_A,157,1.95,433,val
3oiz,A,3oiz_A,92,1.65,262,test
4rtt,A,4rtt_A,80,1.87,209,train
4o6x,A,4o6x_A,98,2.10,317,train
2c7w,A,2c7w_A,96,2.48,235,train
6k6n,A,6k6n_A,154,2.00,424,train
1xau,A,1xau_A,104,1.80,294,train
9zmz,A,9zmz_A,99,2.12,223,train
1tua,A,1tua_A,189,1.50,613,train
4u3h,A,4u3h_A,100,1.98,287,train
1blu,A,1blu_A,80,2.10,202,val
7dh8,A,7dh8_A,141,1.85,391,train
4wwq,A,4wwq_A,112,1.80,314,train
8yp0,A,8yp0_A,160,1.88,510,train
2v2k,A,2v2k_A,105,1.60,298,train
4oun,A,4oun_A,125,1.80,393,train
3p0c,A,3p0c_A,111,2.27,314,train
6jls,A,6jls_A,162,2.24,512,train
9xyo,A,9xyo_A,208,2.10,637,train
1k04,A,1k04_A,142,1.95,345,train
3h4o,A,3h4o_A,172,1.50,500,train
2c6u,A,2c6u_A,122,1.60,396,train
2ew7,A,2ew7_A,163,2.20,533,train
3l32,A,3l32_A,44,1.50,110,train
3g28,A,3g28_A,77,1.64,220,train
3fx7,A,3fx7_A,84,1.65,236,train
8ini,A,8ini_A,95,1.75,270,train
1bed,A,1bed_A,181,2.00,568,train
2pjs,A,2pjs_A,114,1.85,280,train
1z3d,A,1z3d_A,151,2.50,485,train
1jd3,A,1jd3_A,164,2.03,531,train
5kvr,A,5kvr_A,77,1.36,184,train
4l9u,A,4l9u_A,49,1.60,105,train
2ji0,A,2ji0_A,138,2.10,414,train
2o4d,A,2o4d_A,144,1.85,451,train
1k1a,A,1k1a_A,228,1.86,748,train
6fmb,A,6fmb_A,98,1.30,271,train
3can,A,3can_A,161,1.80,501,val
5fa8,A,5fa8_A,156,1.30,487,train
5yo3,A,5yo3_A,107,1.70,343,val
3s2q,A,3s2q_A,65,1.75,129,train
9zmy,A,9zmy_A,114,1.62,273,val
9qrf,A,9qrf_A,202,1.45,649,train
2vec,A,2vec_A,227,1.85,762,train
7wrk,A,7wrk_A,160,1.78,526,train
7cfw,A,7cfw_A,123,1.31,414,train
2nsq,A,2nsq_A,140,1.85,432,train
2r57,A,2r57_A,210,2.20,645,train
3sd2,A,3sd2_A,86,1.40,218,train
7fcy,A,7fcy_A,190,1.85,663,train
3cfy,A,3cfy_A,130,2.50,382,val
2i9c,A,2i9c_A,121,2.00,371,train
7ug2,A,7ug2_A,49,2.05,110,test
2vim,A,2vim_A,104,1.38,325,train
3r69,A,3r69_A,85,1.50,232,train
7c50,A,7c50_A,192,1.93,557,train
6fp5,A,6fp5_A,84,2.00,223,train
7zom,A,7zom_A,105,1.60,319,train
9vrz,A,9vrz_A,252,1.86,805,train
1yg2,A,1yg2_A,169,2.20,464,val
6jv6,A,6jv6_A,234,2.15,765,train
1kfm,A,1kfm_A,50,2.00,106,test
5f9q,A,5f9q_A,187,2.04,604,train
1tul,A,1tul_A,102,2.20,305,train
6ihg,A,6ihg_A,186,2.40,577,train
2esk,A,2esk_A,149,1.36,473,train
8kck,A,8kck_A,206,1.35,685,test
2d8e,A,2d8e_A,88,1.75,223,train
7x4e,A,7x4e_A,114,2.32,345,test
7bxy,A,7bxy_A,116,1.98,353,train
4yvo,A,4yvo_A,119,1.45,391,train
2xri,A,2xri_A,206,2.15,700,train
4p9g,A,4p9g_A,150,2.20,484,train
5dom,A,5dom_A,90,1.69,289,train
3bs7,A,3bs7_A,75,1.90,230,val
1o7v,A,1o7v_A,127,1.90,359,val
4p5n,A,4p5n_A,74,1.49,208,val
1glh,A,1glh_A,214,2.00,730,test
9dn8,A,9dn8_A,186,2.12,579,train
9lif,A,9lif_A,146,1.38,497,test
2pg3,A,2pg3_A,221,2.40,688,train
2box,A,2box_A,135,2.50,377,train
3hyq,A,3hyq_A,151,1.52,489,train
5wd9,A,5wd9_A,86,1.40,268,train
6puq,A,6puq_A,171,1.56,565,train
5uqi,A,5uqi_A,188,1.62,590,test
2cg6,A,2cg6_A,90,1.55,232,train
6ifh,A,6ifh_A,119,1.80,397,train
4lbp,A,4lbp_A,98,1.87,270,train
1eto,A,1eto_A,87,1.90,211,train
5x14,A,5x14_A,177,1.68,474,train
9c65,A,9c65_A,182,2.46,590,train
4mwg,A,4mwg_A,174,2.20,539,train
4xvv,A,4xvv_A,77,1.70,224,test
4b62,A,4b62_A,143,1.45,465,train
6iy4,I,6iy4_I,93,1.59,283,train
4e71,A,4e71_A,90,2.26,246,train
2hp7,A,2hp7_A,179,2.00,604,train
4tjv,A,4tjv_A,165,1.65,515,test
4ql5,A,4ql5_A,68,2.02,191,train
6zpm,A,6zpm_A,103,1.90,232,val
2cve,A,2cve_A,190,1.60,621,train
6i1j,A,6i1j_A,30,2.35,60,test
6r0r,A,6r0r_A,162,1.45,531,train
6swi,A,6swi_A,121,1.13,350,train
3cpk,A,3cpk_A,118,2.50,366,train
3sol,A,3sol_A,91,1.90,280,train
7civ,A,7civ_A,215,1.85,701,train
1jo8,A,1jo8_A,58,1.30,175,train
4pqq,A,4pqq_A,156,1.55,503,test
6su5,A,6su5_A,154,1.20,492,train
2d4x,A,2d4x_A,214,1.90,674,train
2od0,A,2od0_A,103,1.95,308,train
4pgs,A,4pgs_A,207,2.50,691,val
4h79,A,4h79_A,177,1.90,591,train
2yzu,A,2yzu_A,104,1.90,325,val
1ocy,A,1ocy_A,198,1.50,373,train
4it6,A,4it6_A,113,1.90,281,test
7p4v,A,7p4v_A,113,1.94,287,val
5gro,A,5gro_A,103,2.00,316,train
3okq,A,3okq_A,125,2.04,318,val
3due,A,3due_A,127,1.85,366,train
3dkm,A,3dkm_A,79,1.60,230,test
4lua,A,4lua_A,156,1.60,490,train
1ulm,A,1ulm_A,82,1.80,240,train
2ifx,A,2ifx_A,106,2.00,280,train
1esr,A,1esr_A,76,2.00,174,test
9h1w,A,9h1w_A,212,2.20,727,train
3ahu,A,3ahu_A,66,2.20,180,train
3mi7,X,3mi7_X,81,2.20,228,test
2bzy,A,2bzy_A,63,2.50,85,train
1c53,A,1c53_A,79,1.80,16,test
7vbo,A,7vbo_A,182,1.50,612,val
3tjy,A,3tjy_A,78,1.70,235,train
5w63,A,5w63_A,174,2.44,532,train
2g7g,A,2g7g_A,197,2.01,595,train
4jk0,D,4jk0_D,120,2.30,357,train
4qb2,A,4qb2_A,129,1.50,446,test
9xzo,A,9xzo_A,120,1.30,385,train
2icj,A,2icj_A,219,1.70,776,train
2bfr,A,2bfr_A,192,2.50,674,train
2d5d,A,2d5d_A,70,1.55,220,train
2bl7,A,2bl7_A,80,2.20,240,train
2d58,A,2d58_A,107,1.90,309,train
2ymk,A,2ymk_A,46,2.49,102,val
1am2,A,1am2_A,181,2.20,602,train
4f8a,A,4f8a_A,146,2.20,467,train
5dbl,A,5dbl_A,130,1.60,321,train
2hdz,A,2hdz_A,66,2.00,161,test
9da4,A,9da4_A,142,1.73,411,val
6bkv,A,6bkv_A,108,2.35,327,train
9uc5,A,9uc5_A,96,1.80,296,train
2fb0,A,2fb0_A,94,2.10,288,train
3mp2,A,3mp2_A,211,2.50,676,train
2xdh,A,2xdh_A,138,1.96,441,train
3fnn,A,3fnn_A,227,2.30,706,test
3hxt,A,3hxt_A,195,1.90,601,train
2x4j,A,2x4j_A,109,1.62,354,train
3qme,A,3qme_A,119,2.00,368,train
3mwm,A,3mwm_A,127,2.40,333,train
2gw2,A,2gw2_A,173,1.80,605,train
2ak2,A,2ak2_A,220,2.10,680,train
7chq,A,7chq_A,87,1.33,245,train
3eaz,A,3eaz_A,102,1.31,294,train
9od9,A,9od9_A,158,1.60,488,train
1k4n,A,1k4n_A,183,1.60,562,train
5d9w,A,5d9w_A,211,1.69,683,train
1vmh,A,1vmh_A,129,1.31,401,train
2isb,A,2isb_A,184,1.66,616,train
3oc8,A,3oc8_A,134,2.10,364,test
9dbw,A,9dbw_A,107,2.10,331,train
6ekg,Y,6ekg_Y,121,1.15,400,train
6kn5,A,6kn5_A,225,2.20,712,train
1wwi,A,1wwi_A,148,1.58,472,train
5t36,A,5t36_A,147,1.40,455,test
1jsx,A,1jsx_A,193,2.40,608,train
5khh,A,5khh_A,195,1.77,609,test
7kwt,A,7kwt_A,65,1.79,150,train
5vny,A,5vny_A,65,1.10,180,train
3n0k,A,3n0k_A,150,1.80,473,test
6s5h,A,6s5h_A,175,2.00,549,train
4mpi,A,4mpi_A,44,1.60,121,train
1x91,A,1x91_A,149,1.50,471,val
5hbl,A,5hbl_A,106,1.62,330,test
5it3,A,5it3_A,85,1.40,252,val
7dut,A,7dut_A,220,2.10,744,train
6ltz,A,6ltz_A,78,1.97,171,train
8xjb,A,8xjb_A,204,1.45,550,train
9deu,A,9deu_A,160,1.70,535,train
5b3k,A,5b3k_A,150,1.70,485,train
6oqm,A,6oqm_A,100,2.20,280,train
1fzq,A,1fzq_A,176,1.70,545,train
8c7d,A,8c7d_A,195,1.86,645,train
6scp,A,6scp_A,87,1.80,260,val
5ht8,A,5ht8_A,87,2.01,290,train
3gy9,A,3gy9_A,149,1.52,453,train
3nzn,A,3nzn_A,103,1.10,311,train
8b2h,A,8b2h_A,143,2.36,481,train
1v67,A,1v67_A,173,2.30,588,train
1v5h,A,1v5h_A,151,2.40,475,train
3kv0,A,3kv0_A,194,1.90,665,train
8zxq,A,8zxq_A,95,1.51,294,train
3oop,A,3oop_A,139,1.78,390,test
1fhg,A,1fhg_A,102,2.00,306,train
1oxj,A,1oxj_A,170,1.80,512,train
3kh0,A,3kh0_A,102,2.10,275,train
3mpl,A,3mpl_A,233,2.10,789,train
1a33,A,1a33_A,174,2.15,609,train
3cqb,A,3cqb_A,103,1.86,295,train
6iwm,A,6iwm_A,92,1.98,278,val
4ghj,A,4ghj_A,73,1.75,180,train
4lx9,A,4lx9_A,157,1.98,520,test
8xpi,A,8xpi_A,90,1.84,261,train
1z0c,A,1z0c_A,200,1.55,665,train
6lx0,A,6lx0_A,135,1.99,437,test
3lqb,A,3lqb_A,198,1.10,636,train
3rco,A,3rco_A,76,1.80,216,train
3dkz,A,3dkz_A,125,2.40,396,train
2frg,P,2frg_P,106,1.19,315,train
8bau,A,8bau_A,189,1.60,603,train
1lg7,A,1lg7_A,164,1.96,528,train
3bwd,D,3bwd_D,156,1.53,487,train
8k8a,A,8k8a_A,62,2.07,135,test
3cjw,A,3cjw_A,207,1.48,671,train
9t9e,A,9t9e_A,172,1.70,500,train
5wpu,A,5wpu_A,199,1.39,673,test
6njv,A,6njv_A,206,2.30,672,train
7o97,A,7o97_A,73,2.00,160,val
3g48,A,3g48_A,110,1.50,300,train
7o4z,A,7o4z_A,165,1.67,546,train
7zvo,A,7zvo_A,131,1.65,433,train
4cnl,A,4cnl_A,182,1.70,540,train
9qlx,A,9qlx_A,221,2.31,677,test
6xph,A,6xph_A,99,1.80,240,train
7lvm,A,7lvm_A,185,1.47,575,train
3qpt,A,3qpt_A,132,2.40,352,train
3ngw,A,3ngw_A,195,2.31,634,train
3q9p,A,3q9p_A,76,2.00,167,train
8gc6,A,8gc6_A,123,1.30,383,train
3vj7,A,3vj7_A,94,2.30,267,train
1l2p,A,1l2p_A,61,1.55,133,train
1o6d,A,1o6d_A,147,1.66,452,train
8xjg,A,8xjg_A,148,1.70,429,train
7ky1,A,7ky1_A,189,1.50,625,train
9j5g,A,9j5g_A,112,2.50,331,train
3m1d,A,3m1d_A,78,2.00,232,train
8yzg,A,8yzg_A,59,1.40,142,train
2qgo,A,2qgo_A,114,2.04,340,train
5eze,G,5eze_G,30,1.80,57,train
1eof,A,1eof_A,100,2.38,301,train
8utk,A,8utk_A,55,1.94,155,val
7jgt,A,7jgt_A,92,1.90,281,train
1o22,A,1o22_A,149,2.00,347,train
2igd,A,2igd_A,61,1.10,151,train
3kgk,A,3kgk_A,92,1.40,257,train
1ydl,A,1ydl_A,71,2.30,162,train
5ktc,A,5ktc_A,187,1.80,593,train
1jf4,A,1jf4_A,147,1.40,468,train
9rpk,A,9rpk_A,225,2.15,707,train
7y56,A,7y56_A,174,1.75,554,train
4agj,A,4agj_A,152,1.98,483,train
4y60,C,4y60_C,76,1.75,171,train
1hul,A,1hul_A,108,2.40,239,val
4ccv,A,4ccv_A,115,1.93,307,train
2tdx,A,2tdx_A,139,2.40,436,train
2nly,A,2nly_A,216,2.50,727,train
3fgh,A,3fgh_A,67,1.35,168,train
1tzu,A,1tzu_A,141,1.85,448,train
6aty,A,6aty_A,38,1.80,107,train
6st4,A,6st4_A,87,1.29,223,train
7tok,A,7tok_A,130,2.45,403,train
3iuf,A,3iuf_A,32,1.80,65,train
5l33,A,5l33_A,106,2.00,317,train
6t00,A,6t00_A,66,2.10,170,train
4o06,A,4o06_A,102,1.15,285,train
8qkf,A,8qkf_A,99,1.88,269,train
6tbz,A,6tbz_A,127,1.78,362,train
2j6b,A,2j6b_A,109,1.30,318,train
7sc3,A,7sc3_A,110,2.23,261,train
9cwl,A,9cwl_A,154,1.80,437,train
5zbk,A,5zbk_A,182,2.30,600,train
4aya,A,4aya_A,59,2.10,125,train
2rb6,A,2rb6_A,57,2.50,131,val
1rn7,A,1rn7_A,112,2.50,320,train
2qco,A,2qco_A,202,2.25,597,train
2a4d,A,2a4d_A,139,1.69,414,test
4u12,A,4u12_A,80,1.94,206,train
1fio,A,1fio_A,190,2.10,593,test
2awg,A,2awg_A,118,1.60,356,test
5tk4,A,5tk4_A,92,1.46,270,train
7vqf,A,7vqf_A,191,2.30,597,test
6uue,A,6uue_A,91,1.39,271,train
6ww4,B,6ww4_B,56,2.25,134,train
4nss,A,4nss_A,115,2.40,348,val
7eue,A,7eue_A,119,2.09,345,train
1cqy,A,1cqy_A,99,1.95,304,test
1h9k,A,1h9k_A,144,1.80,416,train
6hce,A,6hce_A,200,2.50,649,train
4jf8,A,4jf8_A,144,1.35,438,train
2fzt,A,2fzt_A,78,2.05,196,test
3wuz,A,3wuz_A,120,1.30,358,train
1u07,A,1u07_A,90,1.13,233,train
5hfg,A,5hfg_A,205,1.82,684,train
2j97,A,2j97_A,98,1.75,285,train
1b7d,A,1b7d_A,61,1.73,163,val
7cnb,A,7cnb_A,107,2.32,307,train
4jgu,A,4jgu_A,95,1.42,265,test
2pnm,A,2pnm_A,181,2.30,599,train
3lit,A,3lit_A,116,2.19,294,val
2pl7,A,2pl7_A,67,1.00,207,test
3tr0,A,3tr0_A,201,1.85,615,train
3p9z,A,3p9z_A,213,2.10,628,train
7nzc,AAA,7nzc_AAA,61,1.11,175,train
1hmc,A,1hmc_A,148,2.50,34,train
8wgk,A,8wgk_A,138,1.75,438,train
3vpy,A,3vpy_A,145,1.70,419,train
1s21,A,1s21_A,165,2.00,522,train
4jvf,B,4jvf_B,141,2.40,420,val
4ncd,A,4ncd_A,211,2.04,621,train
8a09,A,8a09_A,30,1.35,58,train
2qyb,A,2qyb_A,151,2.40,488,train
1p5s,A,1p5s_A,159,2.22,468,train
4cw9,A,4cw9_A,102,1.84,300,train
8urn,A,8urn_A,152,2.01,480,train
5zdn,A,5zdn_A,192,2.02,634,train
2fuj,A,2fuj_A,118,1.70,326,train
1kt9,A,1kt9_A,132,1.98,388,train
4ykd,A,4ykd_A,84,1.93,255,train
4c1x,A,4c1x_A,188,1.84,650,test
2wce,A,2wce_A,91,1.77,259,train
2dsx,A,2dsx_A,52,0.68,144,train
1yod,A,1yod_A,30,1.80,58,train
1qzm,A,1qzm_A,94,1.90,293,train
1v7q,A,1v7q_A,169,1.59,575,train
2erl,A,2erl_A,40,1.00,102,train
9sid,A,9sid_A,115,1.69,314,train
6dga,A,6dga_A,95,1.19,265,train
9vli,J,9vli_J,44,1.60,91,train
1yzl,A,1yzl_A,172,1.85,548,train
3kkf,A,3kkf_A,105,1.30,293,train
6bxd,A,6bxd_A,192,1.10,585,train
4jkw,A,4jkw_A,119,2.01,363,train
3l4e,A,3l4e_A,202,1.50,710,train
9jbd,A,9jbd_A,139,2.40,426,train
8j4w,C,8j4w_C,144,1.21,425,train
4y0l,A,4y0l_A,80,2.40,224,train
6rwc,A,6rwc_A,84,2.14,210,train
1sgl,A,1sgl_A,206,2.20,627,val
4h7l,A,4h7l_A,115,2.45,315,val
3bkr,A,3bkr_A,119,1.40,351,train
8b5u,A,8b5u_A,227,1.80,706,train
3ctg,A,3ctg_A,108,1.50,329,train
3bv8,A,3bv8_A,85,1.75,218,train
4ox5,A,4ox5_A,184,1.80,592,val
5lfz,A,5lfz_A,200,1.56,711,train
8h17,A,8h17_A,157,2.15,511,test
4r3q,A,4r3q_A,69,1.90,159,train
27gz,A,27gz_A,220,2.40,669,train
3rjs,A,3rjs_A,87,1.50,272,val
6qbe,A,6qbe_A,215,2.00,731,train
3lqy,A,3lqy_A,187,1.75,601,train
8sot,A,8sot_A,116,1.99,337,train
3lwj,A,3lwj_A,193,2.07,639,val
6has,A,6has_A,87,1.38,264,test
3vop,A,3vop_A,40,2.20,81,train
4q6l,A,4q6l_A,135,2.20,428,train
2xgr,A,2xgr_A,197,1.70,638,train
3ctv,A,3ctv_A,92,2.46,284,train
6v4y,A,6v4y_A,31,1.85,65,test
4ew7,A,4ew7_A,113,1.67,327,train
6fsf,A,6fsf_A,218,2.20,659,train
9cj0,A,9cj0_A,170,1.30,530,train
4ydp,A,4ydp_A,83,1.40,248,train
7bx9,A,7bx9_A,168,1.38,568,train
2qcw,A,2qcw_A,104,2.49,274,train
3aqy,A,3aqy_A,99,1.58,296,train
3cnr,A,3cnr_A,91,1.90,275,train
3r87,A,3r87_A,132,1.05,412,test
1uv7,A,1uv7_A,76,1.70,222,train
5fjl,A,5fjl_A,136,1.47,402,train
8iu1,A,8iu1_A,138,1.97,448,test
3o7v,X,3o7v_X,107,2.10,309,train
8dtq,A,8dtq_A,86,1.45,254,train
5m97,B,5m97_B,67,1.33,163,train
9rhp,A,9rhp_A,168,1.49,499,train
5oa9,A,5oa9_A,205,1.80,613,val
1z1s,A,1z1s_A,136,1.49,401,train
6zm0,AAA,6zm0_AAA,155,1.47,522,train
5xb0,A,5xb0_A,133,1.60,404,val
3ehg,A,3ehg_A,125,1.74,383,test
3l4n,A,3l4n_A,113,1.50,356,train
3kuq,A,3kuq_A,192,2.30,637,val
4obi,A,4obi_A,87,1.73,257,train
5zbt,A,5zbt_A,212,2.40,725,train
7og8,A,7og8_A,68,1.40,180,val
2v1w,A,2v1w_A,89,1.90,258,train
3p06,A,3p06_A,194,2.10,676,train
1td4,A,1td4_A,103,1.50,298,train
1job,A,1job_A,162,2.40,499,train
3hro,A,3hro_A,37,1.90,77,train
5xsf,A,5xsf_A,209,1.96,720,train
4a6q,A,4a6q_A,143,1.50,356,train
3acc,A,3acc_A,166,2.16,534,train
2x2o,A,2x2o_A,117,1.13,381,train
3cni,A,3cni_A,145,2.30,452,train
2vsd,A,2vsd_A,93,1.82,288,train
3u97,A,3u97_A,77,1.10,215,train
4pgo,A,4pgo_A,90,2.30,271,train
2xz2,A,2xz2_A,66,1.40,150,train
1r4v,A,1r4v_A,151,1.90,478,train
2r0b,A,2r0b_A,151,1.60,527,train
1z6g,A,1z6g_A,191,2.18,579,val
5e3b,A,5e3b_A,148,1.60,469,train
2vge,A,2vge_A,208,2.10,636,train
4rru,A,4rru_A,189,2.10,621,test
3zft,A,3zft_A,148,1.80,459,train
8fjf,A,8fjf_A,127,1.60,419,val
9ldn,A,9ldn_A,122,1.35,360,train
8yt5,A,8yt5_A,194,1.60,677,train
2c9l,Y,2c9l_Y,63,2.25,142,train
3e3u,A,3e3u_A,196,1.56,645,train
3q7t,A,3q7t_A,96,2.15,274,train
2fdo,B,2fdo_B,94,2.40,137,train
4pws,A,4pws_A,176,2.15,538,train
7yir,A,7yir_A,99,2.10,298,train
1gzz,B,1gzz_B,60,2.30,150,train
4gco,A,4gco_A,120,1.60,400,train
1fn0,A,1fn0_A,177,2.00,552,train
7f8f,A,7f8f_A,80,1.83,217,train
2qnl,A,2qnl_A,162,1.50,526,train
2ioj,A,2ioj_A,120,2.15,384,train
1dus,A,1dus_A,194,1.80,632,test
2esh,A,2esh_A,114,2.30,312,train
4kmy,A,4kmy_A,207,1.79,676,train
2pln,A,2pln_A,118,1.80,359,train
5xgt,A,5xgt_A,104,1.82,271,train
1umj,A,1umj_A,101,1.60,299,train
5t76,A,5t76_A,208,2.00,644,train
1s1e,A,1s1e_A,181,2.30,589,test
7w70,A,7w70_A,87,1.15,263,train
1z6i,A,1z6i_A,167,2.50,564,val
6y2c,A,6y2c_A,72,2.00,211,train
4jtm,A,4jtm_A,81,1.43,220,train
5fb2,A,5fb2_A,138,1.80,389,train
1f2v,A,1f2v_A,209,2.10,722,train
3gr5,A,3gr5_A,153,2.05,481,train
3rx9,A,3rx9_A,130,1.35,419,train
8jfx,A,8jfx_A,232,2.20,732,train
5by5,A,5by5_A,115,1.20,336,train
5evf,A,5evf_A,105,1.76,306,train
3psm,A,3psm_A,47,0.98,133,test
6kim,A,6kim_A,172,2.06,551,train
2g7e,A,2g7e_A,207,1.60,716,train
7ng2,A,7ng2_A,157,1.23,493,test
2ylf,A,2ylf_A,162,2.05,510,test
6pi4,A,6pi4_A,119,2.10,299,val
8dvq,A,8dvq_A,132,2.19,419,train
3f5d,A,3f5d_A,193,2.06,636,train
3gkh,A,3gkh_A,225,1.81,730,train
2fpn,A,2fpn_A,205,2.49,584,train
5wiw,A,5wiw_A,109,2.30,268,val
6ljd,C,6ljd_C,208,2.15,676,train
23tz,A,23tz_A,135,2.10,451,train
5ol7,A,5ol7_A,143,1.60,484,train
2fac,A,2fac_A,77,1.76,225,test
6myf,A,6myf_A,94,1.60,274,train
9g0u,A,9g0u_A,149,2.50,454,train
8px5,A,8px5_A,152,1.77,478,train
1eb0,A,1eb0_A,143,1.85,428,train
7de7,A,7de7_A,97,1.49,299,train
7jlz,A,7jlz_A,204,1.64,621,train
3nph,B,3nph_B,131,1.85,427,train
3ah7,A,3ah7_A,109,1.90,310,train
4mai,A,4mai_A,187,1.40,619,train
4nof,A,4nof_A,111,1.65,327,train
2gui,A,2gui_A,176,1.60,583,train
3kuz,A,3kuz_A,110,2.30,318,val
9ib6,A,9ib6_A,134,1.20,439,train
2v1q,A,2v1q_A,60,1.20,167,train
3erj,A,3erj_A,116,1.80,350,train
8xxb,A,8xxb_A,222,2.40,749,train
7en7,A,7en7_A,191,1.22,614,train
5ce7,A,5ce7_A,140,2.00,475,train
5kza,A,5kza_A,94,1.86,281,train
1dix,A,1dix_A,208,1.65,674,train
6dnl,A,6dnl_A,115,1.70,350,val
2zw1,A,2zw1_A,57,1.60,155,train
3qtb,A,3qtb_A,125,2.10,389,train
3t90,A,3t90_A,147,1.50,400,train
2of7,A,2of7_A,191,2.30,606,train
5by4,A,5by4_A,105,1.70,261,val
2utg,A,2utg_A,70,1.64,185,train
3gt6,A,3gt6_A,100,2.15,262,train
3ce8,A,3ce8_A,90,2.40,236,train
2pmp,A,2pmp_A,160,2.30,511,test
1nog,A,1nog_A,149,1.55,490,test
1g2y,A,1g2y_A,31,1.00,56,train
5abs,A,5abs_A,66,1.74,122,train
12td,A,12td_A,144,1.99,446,train
4f2e,A,4f2e_A,98,1.45,293,train
5dn7,A,5dn7_A,240,2.20,815,val
8eb9,A,8eb9_A,89,1.28,275,train
3q2r,A,3q2r_A,192,2.20,650,train
8ajp,A,8ajp_A,199,1.80,631,test
3ro7,A,3ro7_A,233,2.50,786,train
4af5,A,4af5_A,174,1.90,546,test
5hdw,A,5hdw_A,131,2.00,376,train
2wnx,A,2wnx_A,157,1.31,492,val
3ff5,A,3ff5_A,54,1.80,137,val
7xh4,A,7xh4_A,177,2.20,534,val
5i27,A,5i27_A,87,2.05,258,train
5xlj,A,5xlj_A,192,1.90,568,train
2y9r,T,2y9r_T,98,1.90,290,train
2v24,A,2v24_A,197,2.20,669,train
7tgp,A,7tgp_A,51,1.40,122,train
6naf,A,6naf_A,74,1.92,235,train
3lmc,A,3lmc_A,191,2.00,634,train
5ud8,A,5ud8_A,106,1.80,321,train
1cyw,A,1cyw_A,159,2.50,522,train
5z2s,A,5z2s_A,50,1.50,140,train
3clv,A,3clv_A,175,1.89,548,test
7d2h,A,7d2h_A,57,2.20,118,train
3ffm,A,3ffm_A,145,2.30,438,train
4nrp,A,4nrp_A,211,1.80,683,test
7ur8,A,7ur8_A,71,1.50,155,val
6h8f,A,6h8f_A,45,1.78,109,train
6pb3,A,6pb3_A,261,2.05,794,train
7csv,A,7csv_A,98,1.71,274,val
2fe4,A,2fe4_A,163,2.30,513,train
6i6y,A,6i6y_A,95,2.15,245,train
8ylj,A,8ylj_A,162,2.05,427,train
9pgw,A,9pgw_A,179,1.46,580,train
5k28,A,5k28_A,62,1.50,171,train
6gv8,A,6gv8_A,157,1.39,445,train
4agh,A,4agh_A,80,1.79,183,train
3gva,A,3gva_A,107,2.00,317,train
8evk,A,8evk_A,115,1.49,343,train
9dfq,A,9dfq_A,95,2.10,279,train
7jjk,A,7jjk_A,71,1.40,171,train
3ofh,A,3ofh_A,86,2.01,245,train
3tsv,A,3tsv_A,93,1.99,270,val
2wz8,A,2wz8_A,135,1.50,458,train
4pdt,A,4pdt_A,119,1.40,386,train
1cm3,A,1cm3_A,85,1.60,268,train
2p39,A,2p39_A,142,1.50,428,train
7kuw,A,7kuw_A,62,2.43,156,train
4off,A,4off_A,124,1.89,372,train
9qt1,A,9qt1_A,57,2.10,125,train
3zmo,A,3zmo_A,172,1.80,428,val
5yad,A,5yad_A,73,1.76,203,train
2p8t,A,2p8t_A,184,1.80,620,test
3cjn,A,3cjn_A,146,1.95,400,train
8got,A,8got_A,208,1.99,706,train
3g7y,A,3g7y_A,153,2.21,456,train
3eur,A,3eur_A,140,1.30,436,train
9csf,A,9csf_A,75,1.84,149,train
4j8q,A,4j8q_A,194,2.50,576,train
1sen,A,1sen_A,135,1.20,429,train
5i2l,A,5i2l_A,105,1.85,313,train
4l0w,A,4l0w_A,173,2.29,533,train
6fcw,A,6fcw_A,209,2.00,656,val
2b94,A,2b94_A,242,1.85,814,train
1yn3,A,1yn3_A,98,1.35,271,train
9js5,A,9js5_A,99,1.80,216,val
3u21,A,3u21_A,109,2.18,314,train
4cu2,A,4cu2_A,80,2.11,223,val
4hk1,A,4hk1_A,243,2.00,751,train
5wue,A,5wue_A,203,2.40,676,train
2q2f,A,2q2f_A,72,1.50,161,train
3es1,A,3es1_A,163,1.91,431,train
2qtd,A,2qtd_A,104,1.70,321,train
4g4x,A,4g4x_A,108,1.50,335,train
1io2,A,1io2_A,213,2.00,704,train
5vr3,A,5vr3_A,60,2.10,149,train
2nx8,A,2nx8_A,168,2.00,560,train
2bh0,A,2bh0_A,207,2.50,720,train
6u1u,A,6u1u_A,216,1.75,701,train
2il1,A,2il1_A,163,2.10,528,train
1i1j,A,1i1j_A,106,1.39,310,train
2p4d,A,2p4d_A,163,1.80,523,train
3dee,A,3dee_A,200,2.10,580,train
1tgg,A,1tgg_A,34,2.00,70,train
2wvi,A,2wvi_A,160,1.80,476,train
2c60,A,2c60_A,85,1.25,221,train
1ge6,A,1ge6_A,163,2.20,569,train
6o5k,A,6o5k_A,46,1.60,116,train
2gyz,A,2gyz_A,97,1.76,239,train
6q5p,A,6q5p_A,31,1.44,56,train
1mk1,A,1mk1_A,187,2.00,557,test
4jdu,A,4jdu_A,201,1.47,661,train
9eyl,A,9eyl_A,184,1.50,637,train
3hvw,A,3hvw_A,159,1.70,500,train
4rfa,A,4rfa_A,214,2.21,651,train
7tqn,A,7tqn_A,215,1.80,704,train
2h28,A,2h28_A,109,2.10,323,train
6gq4,A,6gq4_A,103,1.65,297,train
2j1e,A,2j1e_A,142,2.40,472,train
5tzg,C,5tzg_C,76,2.50,218,train
1jgs,A,1jgs_A,138,2.30,384,train
6j05,A,6j05_A,101,1.86,278,test
1rhp,A,1rhp_A,64,2.40,149,train
2go8,A,2go8_A,89,2.30,216,train
3rmi,A,3rmi_A,105,2.40,269,train
1p9q,C,1p9q_C,230,2.00,720,val
8afo,A,8afo_A,199,1.99,631,train
2il4,A,2il4_A,90,2.05,271,train
3lwe,A,3lwe_A,61,2.05,138,train
1yz7,A,1yz7_A,176,2.26,538,train
1ybx,A,1ybx_A,91,1.80,252,train
3cjl,A,3cjl_A,88,2.20,209,train
5v2n,A,5v2n_A,161,2.00,448,train
3g1c,A,3g1c_A,97,2.20,240,train
4a47,A,4a47_A,63,1.90,172,train
2i3y,A,2i3y_A,188,2.00,604,train
9k4q,A,9k4q_A,90,2.00,289,train
2ozh,A,2ozh_A,142,1.40,373,train
4zbg,A,4zbg_A,154,1.25,473,train
9isp,A,9isp_A,156,2.21,520,train
2bbr,A,2bbr_A,189,1.20,604,train
6yrb,A,6yrb_A,100,2.35,265,val
1u8u,A,1u8u_A,179,2.08,613,train
9l2w,A,9l2w_A,63,1.50,121,train
3if0,X,3if0_X,149,2.20,460,train
5a48,A,5a48_A,84,2.35,210,val
6u6v,A,6u6v_A,147,1.90,466,train
3t3l,A,3t3l_A,121,1.15,366,train
4nfa,A,4nfa_A,204,2.50,612,train
5kzy,A,5kzy_A,117,2.48,365,train
1mpu,A,1mpu_A,128,2.50,385,train
2h0e,A,2h0e_A,112,2.20,333,train
3irc,A,3irc_A,104,2.25,266,train
1lu4,A,1lu4_A,134,1.12,427,train
1skz,A,1skz_A,104,1.90,262,train
2o71,A,2o71_A,91,2.00,272,test
2bop,A,2bop_A,85,1.70,229,train
3lhe,A,3lhe_A,124,1.62,366,train
5ej0,A,5ej0_A,212,1.90,672,train
7bjn,A,7bjn_A,59,2.30,126,train
8w1d,A,8w1d_A,147,1.30,500,test
1wz3,A,1wz3_A,84,1.80,122,train
6ypr,AAA,6ypr_AAA,96,1.26,263,train
4gdz,A,4gdz_A,149,1.95,455,train
4bmc,A,4bmc_A,183,1.98,571,train
3s9g,A,3s9g_A,82,2.10,180,train
6kgi,B,6kgi_B,86,1.04,201,train
2hl7,A,2hl7_A,82,1.70,231,train
2nyv,A,2nyv_A,217,2.10,722,train
3n79,A,3n79_A,183,1.50,651,train
3swy,A,3swy_A,46,1.90,97,train
3ull,A,3ull_A,106,2.40,275,train
1gmi,A,1gmi_A,135,1.70,408,train
2jay,A,2jay_A,193,1.99,633,train
5zby,A,5zby_A,156,1.59,476,train
2hza,A,2hza_A,131,2.10,354,train
2pne,A,2pne_A,81,0.98,282,train
4y2k,A,4y2k_A,65,1.70,184,test
1zvc,A,1zvc_A,171,1.79,573,val
3toq,A,3toq_A,95,2.00,292,val
6wcu,A,6wcu_A,30,1.80,63,train
5i8j,A,5i8j_A,64,1.75,187,test
5tdq,A,5tdq_A,123,2.49,403,train
1q1u,A,1q1u_A,138,1.70,436,train
6sl8,A,6sl8_A,161,1.53,491,train
7tjl,A,7tjl_A,85,1.87,240,train
7m0q,A,7m0q_A,96,2.40,273,train
1hbk,A,1hbk_A,89,2.00,252,train
2ck2,A,2ck2_A,94,2.00,276,train
2ap3,A,2ap3_A,192,1.60,561,train
1m2i,A,1m2i_A,82,1.80,218,train
7dpy,A,7dpy_A,90,1.80,254,val
7bqg,A,7bqg_A,85,1.55,160,train
3lx3,A,3lx3_A,163,1.55,520,train
6d42,A,6d42_A,39,1.75,81,train
3cbn,A,3cbn_A,144,1.63,488,train
3rfn,A,3rfn_A,151,1.80,487,test
4qnd,A,4qnd_A,97,1.70,286,train
4kr1,A,4kr1_A,219,2.50,690,train
5m1m,A,5m1m_A,154,1.50,510,train
9nq2,A,9nq2_A,115,2.40,341,train
5uqj,A,5uqj_A,209,1.80,673,train
4gzn,C,4gzn_C,59,0.99,121,train
1y80,A,1y80_A,125,1.70,400,train
7xce,A,7xce_A,246,2.50,798,train
8bfh,A,8bfh_A,171,2.20,539,train
3urg,A,3urg_A,123,2.00,358,train
1dxg,A,1dxg_A,36,1.80,75,test
2yfz,A,2yfz_A,140,1.80,453,train
2ga1,A,2ga1_A,103,2.00,257,train
1bam,A,1bam_A,200,1.95,693,train
3pl1,A,3pl1_A,185,2.20,597,val
9i0t,A,9i0t_A,197,1.80,668,test
4gwt,A,4gwt_A,33,2.25,71,train
5jcv,A,5jcv_A,175,2.23,566,train
8ua5,A,8ua5_A,119,2.45,260,train
9xb4,A,9xb4_A,218,2.50,682,val
2o4w,A,2o4w_A,162,1.90,521,val
2fw5,A,2fw5_A,125,2.00,330,train
1nhl,A,1nhl_A,54,2.30,116,train
3tvr,A,3tvr_A,172,1.80,526,val
4oy6,A,4oy6_A,186,1.29,660,train
9bkr,A,9bkr_A,74,1.40,191,train
8jms,A,8jms_A,212,2.20,643,train
3ui5,A,3ui5_A,101,1.40,324,train
3ek3,A,3ek3_A,187,1.70,552,train
3s64,A,3s64_A,81,2.30,237,train
1tol,A,1tol_A,157,1.85,495,train
6bjo,A,6bjo_A,86,1.75,243,test
1p2f,A,1p2f_A,217,1.80,697,train
6l0o,A,6l0o_A,71,1.21,188,train
3k20,A,3k20_A,181,2.50,581,test
8d02,A,8d02_A,148,1.40,473,test
5zwt,A,5zwt_A,83,2.00,238,train
4j8c,A,4j8c_A,44,1.10,96,train
2v4v,A,2v4v_A,129,1.50,456,train
6sbw,A,6sbw_A,48,2.24,83,train
3us4,A,3us4_A,97,1.50,281,train
6riz,A,6riz_A,127,1.85,425,val
3kvt,A,3kvt_A,103,2.00,291,train
1r54,A,1r54_A,206,1.85,673,test
9or2,AA1,9or2_AA1,210,2.07,738,train
5n7h,A,5n7h_A,105,2.20,290,train
2vuz,A,2vuz_A,129,1.70,428,val
4iau,A,4iau_A,161,0.99,568,val
4mb6,A,4mb6_A,183,1.81,584,test
4p09,A,4p09_A,177,1.70,557,train
1sf9,A,1sf9_A,118,1.71,331,train
8v9s,A,8v9s_A,74,1.86,214,train
5a7l,A,5a7l_A,80,2.10,241,train
3pr6,A,3pr6_A,145,1.80,423,train
7byu,A,7byu_A,108,2.21,277,train
6jlc,A,6jlc_A,222,1.85,735,train
9teu,A,9teu_A,131,0.90,342,train
5los,A,5los_A,89,2.00,258,train
2jlh,A,2jlh_A,114,1.53,359,train
4n5x,A,4n5x_A,155,2.10,493,val
2a9i,A,2a9i_A,105,1.70,316,train
5npt,A,5npt_A,127,2.40,381,train
1e0b,A,1e0b_A,61,1.90,154,train
3c7x,A,3c7x_A,196,1.70,645,train
2qgz,A,2qgz_A,183,2.40,571,train
3zqx,A,3zqx_A,146,1.04,478,val
4wz0,A,4wz0_A,109,1.95,323,train
2azw,A,2azw_A,146,1.90,441,test
9vvn,A,9vvn_A,167,1.60,516,train
7rdt,A,7rdt_A,215,2.10,664,train
3h3m,A,3h3m_A,89,2.50,239,train
5i93,A,5i93_A,179,2.24,575,train
6ipy,A,6ipy_A,67,1.34,169,train
4umg,A,4umg_A,102,1.68,287,train
2gk2,A,2gk2_A,109,2.20,354,train
2p6v,A,2p6v_A,97,2.00,298,train
5xuk,A,5xuk_A,115,2.30,351,train
6o19,A,6o19_A,59,1.60,94,val
1h2f,A,1h2f_A,207,2.00,703,train
6qzj,A,6qzj_A,245,2.20,899,val
4z8w,A,4z8w_A,125,1.98,367,train
5myi,D,5myi_D,165,1.90,520,train
2y3d,A,2y3d_A,111,2.30,308,train
5z28,A,5z28_A,96,2.25,245,train
6f1d,A,6f1d_A,117,1.95,348,train
2hng,A,2hng_A,125,1.63,378,val
3gan,A,3gan_A,113,2.00,332,train
1boy,A,1boy_A,211,2.20,653,train
5z07,A,5z07_A,213,2.30,696,train
3a1b,A,3a1b_A,148,2.29,483,train
3fq6,A,3fq6_A,114,2.36,343,train
5zmo,A,5zmo_A,158,1.69,515,test
6waj,A,6waj_A,81,1.90,214,train
7po9,A,7po9_A,88,1.90,218,test
3hbk,A,3hbk_A,231,2.36,786,train
2vty,A,2vty_A,144,2.10,378,train
1u2q,A,1u2q_A,155,2.50,514,test
2xf4,A,2xf4_A,210,2.30,761,train
9rxw,A,9rxw_A,90,1.60,255,train
2atv,A,2atv_A,168,1.90,537,train
2d3v,A,2d3v_A,179,1.85,565,train
6gie,A,6gie_A,218,2.10,659,train
1yo5,C,1yo5_C,88,2.00,250,val
6cwm,A,6cwm_A,171,1.15,542,test
1zt3,A,1zt3_A,80,1.80,209,test
3gz7,A,3gz7_A,99,2.15,287,val
5uxt,A,5uxt_A,34,2.20,71,train
3lr0,A,3lr0_A,102,1.90,297,test
1lqx,A,1lqx_A,82,1.80,219,train
7ocz,A,7ocz_A,81,1.82,221,train
1igu,A,1igu_A,59,2.20,135,train
5mxz,A,5mxz_A,82,1.90,213,train
4ytv,A,4ytv_A,69,1.45,157,train
4e6s,A,4e6s_A,85,1.85,206,train
4tr5,A,4tr5_A,200,2.30,599,test
2qsb,A,2qsb_A,85,1.30,264,test
5det,A,5det_A,91,1.95,259,train
7w18,A,7w18_A,212,1.70,729,test
5nvd,A,5nvd_A,175,2.50,508,train
3zig,A,3zig_A,82,2.50,232,val
2o6k,A,2o6k_A,72,2.10,203,train
2i5u,A,2i5u_A,77,1.50,235,train
4s36,A,4s36_A,90,1.46,103,train
6nu9,A,6nu9_A,168,1.76,555,train
2ila,A,2ila_A,145,2.30,44,train
1pzs,A,1pzs_A,171,1.63,514,train
6y6o,A,6y6o_A,116,2.04,295,test
6q1w,A,6q1w_A,34,1.50,69,train
2fgg,A,2fgg_A,84,2.30,205,val
8wac,A,8wac_A,119,1.50,353,train
5azw,A,5azw_A,94,1.50,276,train
2wx3,A,2wx3_A,43,2.31,89,train
2bep,A,2bep_A,156,1.80,509,train
3b7c,A,3b7c_A,121,1.70,368,test
3tq2,A,3tq2_A,36,1.10,71,train
1fy2,A,1fy2_A,220,1.20,754,train
3khq,A,3khq_A,93,1.70,276,val
9ezz,A,9ezz_A,61,1.95,137,train
1oks,A,1oks_A,54,1.80,139,test
4x1j,A,4x1j_A,83,2.50,201,train
1ru0,A,1ru0_A,100,1.60,303,train
2j49,A,2j49_A,134,2.30,433,test
5jxd,A,5jxd_A,186,2.03,596,train
4bhq,A,4bhq_A,109,2.05,301,train
4lq4,A,4lq4_A,211,1.75,683,train
7nfg,A,7nfg_A,32,1.09,57,train
6ukk,A,6ukk_A,158,1.60,353,train
1jf8,A,1jf8_A,130,1.12,413,train
9rez,A,9rez_A,122,1.05,358,train
2v7f,A,2v7f_A,139,1.15,408,train
5h1x,A,5h1x_A,48,2.41,89,train
1uec,A,1uec_A,177,1.82,422,train
8p5q,A,8p5q_A,129,2.14,354,train
8k7o,A,8k7o_A,233,1.70,784,test
4b1l,A,4b1l_A,162,1.65,582,val
3e21,A,3e21_A,40,1.73,105,train
7dgw,A,7dgw_A,94,1.35,301,train
1yzg,A,1yzg_A,168,2.00,536,train
9en5,A,9en5_A,169,1.33,554,train
6i31,A,6i31_A,54,1.79,94,train
1k4l,A,1k4l_A,216,1.60,732,train
5vky,A,5vky_A,122,2.30,311,train
8r79,A,8r79_A,60,2.18,152,train
2p9r,A,2p9r_A,102,2.30,297,train
4ds3,A,4ds3_A,192,1.85,612,train
6j98,A,6j98_A,75,1.56,182,train
2ivy,A,2ivy_A,88,1.40,229,val
3mvn,A,3mvn_A,123,1.90,386,train
8bq1,A,8bq1_A,194,2.32,602,test
1zzk,A,1zzk_A,80,0.95,245,train
5j1n,A,5j1n_A,171,1.09,527,train
1h8g,A,1h8g_A,95,2.40,225,train
5e5q,A,5e5q_A,63,1.60,176,test
3d89,A,3d89_A,136,2.07,417,train
7slt,A,7slt_A,33,2.00,42,train
3chm,A,3chm_A,161,1.50,508,test
3soy,A,3soy_A,142,2.00,425,train
3ipf,A,3ipf_A,69,1.99,194,test
3dl1,A,3dl1_A,210,2.20,711,train
3pc6,A,3pc6_A,99,1.90,276,train
5mj1,A,5mj1_A,81,1.80,207,train
6ccd,A,6ccd_A,98,1.80,297,train
2z0z,A,2z0z_A,194,2.00,640,train
1jq6,A,1jq6_A,173,2.30,544,train
1wc8,A,1wc8_A,164,1.90,496,train
3uwa,A,3uwa_A,148,1.95,483,train
5wcj,A,5wcj_A,222,1.70,645,train
7fia,A,7fia_A,160,2.13,420,train
3flv,A,3flv_A,92,1.70,262,train
2i5f,A,2i5f_A,99,1.35,292,train
3ejc,A,3ejc_A,163,1.85,402,val
3tbn,A,3tbn_A,87,1.15,216,val
6r5m,A,6r5m_A,57,1.90,141,test
4iej,A,4iej_A,75,1.45,222,train
1czt,A,1czt_A,160,1.87,516,train
2qfe,A,2qfe_A,139,1.45,439,train
4f44,A,4f44_A,83,2.40,238,test
7wm5,A,7wm5_A,212,2.15,698,val
4h8f,A,4h8f_A,33,1.88,70,train
5h34,A,5h34_A,111,1.75,292,train
4myb,A,4myb_A,217,2.40,655,train
8b45,B,8b45_B,32,1.60,56,train
1v70,A,1v70_A,105,1.30,326,train
3fhg,A,3fhg_A,207,1.90,714,train
10xp,A,10xp_A,85,2.00,254,train
9r74,A,9r74_A,191,2.00,620,train
5yiu,A,5yiu_A,49,1.42,127,train
8yoz,A,8yoz_A,79,1.83,182,val
3bj4,A,3bj4_A,37,2.00,78,train
6vzf,A,6vzf_A,86,2.03,186,train
1f7n,A,1f7n_A,117,2.20,313,train
7r6u,A,7r6u_A,72,1.55,200,train
1ccz,A,1ccz_A,171,1.80,515,train
2ja9,A,2ja9_A,175,2.20,536,test
5ujp,A,5ujp_A,114,1.42,324,val
6osd,A,6osd_A,34,2.15,70,train
1uz3,A,1uz3_A,102,1.10,276,train
7nfj,A,7nfj_A,32,1.19,57,train
8yv9,A,8yv9_A,100,2.14,267,train
4oi6,A,4oi6_A,81,2.04,235,train
1msp,A,1msp_A,124,2.50,343,train
1cy5,A,1cy5_A,93,1.30,303,train
8ar9,A,8ar9_A,163,2.36,560,test
1t07,A,1t07_A,81,1.80,232,train
2r2z,A,2r2z_A,84,1.20,250,train
2vul,A,2vul_A,193,1.90,695,train
4nl5,A,4nl5_A,101,1.90,238,train
3n8b,A,3n8b_A,75,1.90,169,train
3imk,A,3imk_A,158,1.45,533,train
3qrl,A,3qrl_A,137,1.70,410,train
5xqh,A,5xqh_A,223,2.04,716,train
5hlj,A,5hlj_A,169,2.41,511,train
3vtn,A,3vtn_A,71,1.75,46,train
7xt1,A,7xt1_A,136,1.98,388,train
7me5,A,7me5_A,153,2.00,428,train
3cq1,A,3cq1_A,99,1.90,274,train
6o80,A,6o80_A,179,2.10,602,train
1mvn,A,1mvn_A,182,2.21,578,test
6by9,A,6by9_A,268,2.30,879,train
3l9b,A,3l9b_A,126,1.95,388,test
5h4y,A,5h4y_A,127,1.90,405,train
7azn,A,7azn_A,177,2.09,550,train
8amt,AAA,8amt_AAA,129,1.50,383,train
4pww,A,4pww_A,85,1.47,245,train
6iyu,A,6iyu_A,225,2.20,760,val
3n7c,A,3n7c_A,109,2.26,314,train
3h9w,A,3h9w_A,109,1.90,340,train
3gyp,A,3gyp_A,225,2.41,709,train
6elw,A,6elw_A,165,1.30,539,val
6uof,A,6uof_A,119,1.20,378,val
27ah,A,27ah_A,82,1.40,253,train
4qt6,A,4qt6_A,159,1.64,551,train
2ywk,A,2ywk_A,84,1.54,239,train
2iqc,A,2iqc_A,173,2.40,544,train
1m7b,A,1m7b_A,179,2.00,570,train
7xc5,A,7xc5_A,166,2.10,558,test
1g6u,A,1g6u_A,48,1.48,109,val
3a2z,A,3a2z_A,190,1.50,608,train
3k63,A,3k63_A,120,2.49,357,train
2p84,A,2p84_A,133,1.80,359,train
1qdd,A,1qdd_A,144,1.30,410,train
4byz,A,4byz_A,194,1.55,631,test
1eu4,A,1eu4_A,204,2.50,648,train
8a50,B,8a50_B,30,1.48,50,train
4qpr,A,4qpr_A,142,1.55,449,train
3zoc,A,3zoc_A,176,2.10,533,train
2a1v,A,2a1v_A,138,2.15,421,train
3ajc,A,3ajc_A,210,2.30,624,train
4u9v,B,4u9v_B,197,1.78,638,train
4yds,A,4yds_A,226,2.30,729,train
3dhn,A,3dhn_A,216,2.00,672,train
2pq7,A,2pq7_A,174,1.45,579,train
5c8q,B,5c8q_B,151,1.90,467,train
2nsl,A,2nsl_A,162,2.00,500,train
1b8k,A,1b8k_A,90,2.15,237,test
7sub,A,7sub_A,222,1.78,754,train
6win,A,6win_A,140,2.05,441,train
3ddy,A,3ddy_A,175,2.50,568,train
2gu9,A,2gu9_A,111,1.40,320,train
3a0j,A,3a0j_A,73,1.65,193,val
3rjz,A,3rjz_A,210,2.30,662,train
2dyt,A,2dyt_A,213,2.50,694,val
4krw,A,4krw_A,67,2.01,165,train
1ow1,A,1ow1_A,167,1.80,523,train
5yqi,A,5yqi_A,166,1.60,523,train
6ofp,A,6ofp_A,91,2.01,205,test
9lvu,A,9lvu_A,52,1.90,141,train
1vkb,A,1vkb_A,148,1.90,481,train
8kac,A,8kac_A,121,1.75,368,train
3ht1,A,3ht1_A,142,1.20,419,train
2v1l,A,2v1l_A,129,2.13,378,val
4jm1,A,4jm1_A,84,1.40,247,train
6hj5,A,6hj5_A,148,2.08,418,train
2yvp,A,2yvp_A,182,1.66,550,train
3e07,A,3e07_A,90,2.40,188,train
6u50,C,6u50_C,114,1.60,335,train
9lqd,A,9lqd_A,125,2.16,366,train
3ts9,A,3ts9_A,128,2.00,408,train
4mno,A,4mno_A,95,1.35,286,test
2xet,A,2xet_A,89,1.60,236,test
4h86,A,4h86_A,187,2.00,607,train
3azc,A,3azc_A,133,2.00,405,test
1t4w,A,1t4w_A,196,2.10,641,train
1ihk,A,1ihk_A,157,2.20,492,train
7s86,A,7s86_A,83,2.00,222,train
4mdw,A,4mdw_A,147,2.00,467,train
4xpk,A,4xpk_A,141,1.95,426,train
2opc,A,2opc_A,115,1.43,334,train
2pk4,A,2pk4_A,80,2.25,241,val
5zx8,A,5zx8_A,186,1.00,628,train
1kwa,A,1kwa_A,88,1.93,254,train
8pne,A,8pne_A,199,1.90,662,train
5go5,A,5go5_A,152,1.65,494,train
8z6n,A,8z6n_A,201,2.39,657,train
3llu,A,3llu_A,177,1.40,555,train
5bx1,A,5bx1_A,153,1.90,505,train
4pux,A,4pux_A,157,1.43,444,train
2z99,A,2z99_A,160,2.30,447,train
3knv,A,3knv_A,123,1.90,348,test
2g7l,A,2g7l_A,201,2.10,605,train
2ciu,A,2ciu_A,123,1.60,322,train
4qbk,A,4qbk_A,194,1.77,659,train
4hwx,A,4hwx_A,114,1.90,311,train
13jg,A,13jg_A,219,1.52,679,train
9i2a,A,9i2a_A,97,1.70,283,train
8jn0,A,8jn0_A,89,1.23,275,train
1z7c,A,1z7c_A,161,2.00,519,train
6lk3,A,6lk3_A,72,2.10,206,val
1z6n,A,1z6n_A,166,1.50,547,val
2e8c,A,2e8c_A,132,2.10,364,train
7eva,C,7eva_C,117,2.08,338,test
4hqf,A,4hqf_A,200,2.20,626,test
3hg9,A,3hg9_A,119,2.40,277,train
3erv,A,3erv_A,200,2.10,689,test
6vd8,A,6vd8_A,85,2.30,224,train
2oxo,A,2oxo_A,93,2.00,272,val
2f1w,A,2f1w_A,144,1.65,436,train
4ynx,A,4ynx_A,40,1.50,69,test
8ck2,A,8ck2_A,95,1.50,256,train
6kvn,A,6kvn_A,150,2.02,431,train
1ig5,A,1ig5_A,75,1.50,219,train
6ty2,A,6ty2_A,54,1.98,134,train
2qyc,A,2qyc_A,102,1.90,283,train
6ci2,A,6ci2_A,189,1.96,606,train
6xd8,A,6xd8_A,94,1.52,289,train
4qt3,A,4qt3_A,125,1.40,382,train
3p3d,A,3p3d_A,87,2.35,240,val
1wl8,A,1wl8_A,188,1.45,658,train
2xli,A,2xli_A,167,2.33,490,train
3dz8,A,3dz8_A,178,1.90,574,train
2xvs,A,2xvs_A,166,1.80,495,train
1o7z,A,1o7z_A,61,1.92,136,train
1bdo,A,1bdo_A,80,1.80,232,train
8tk4,A,8tk4_A,179,1.80,606,train
6vsx,A,6vsx_A,159,2.00,532,test
7d2a,A,7d2a_A,129,1.57,427,train
2cgq,A,2cgq_A,74,1.83,217,train
2poe,A,2poe_A,162,2.01,559,train
6nvp,A,6nvp_A,197,2.00,637,train
2ywj,A,2ywj_A,185,1.90,628,train
3ofw,A,3ofw_A,56,2.50,145,train
3cnu,A,3cnu_A,110,1.90,309,train
9l8e,A,9l8e_A,159,1.37,526,train
6evl,A,6evl_A,94,1.87,291,train
7uvg,A,7uvg_A,166,1.77,534,train
4d3r,A,4d3r_A,140,1.67,465,train
4axz,A,4axz_A,218,2.09,712,val
4gve,A,4gve_A,197,1.73,637,val
2is9,A,2is9_A,204,1.92,658,train
5for,A,5for_A,134,2.50,401,test
5dpm,A,5dpm_A,206,2.10,688,train
3i8z,A,3i8z_A,50,1.51,96,train
6cf1,A,6cf1_A,92,1.90,232,train
6tzn,A,6tzn_A,115,1.35,356,train
6v57,A,6v57_A,34,1.70,70,train
5ajs,A,5ajs_A,63,2.30,135,train
3esm,A,3esm_A,138,1.65,411,train
6b4a,A,6b4a_A,92,2.00,250,test
4gqm,A,4gqm_A,105,1.25,289,test
3pm7,A,3pm7_A,74,2.00,193,train
6v58,A,6v58_A,34,2.20,70,train
6v1c,A,6v1c_A,53,1.55,114,train
8ayi,A,8ayi_A,131,2.20,405,train
8q8b,A,8q8b_A,206,1.50,653,train
9irz,A,9irz_A,96,1.76,260,train
3osx,A,3osx_A,190,1.55,607,train
9i9g,A,9i9g_A,167,1.70,512,train
3rhb,A,3rhb_A,100,1.20,300,train
3nsu,A,3nsu_A,109,2.00,309,train
1shu,X,1shu_X,181,1.50,603,train
1z9w,A,1z9w_A,108,2.50,303,test
2p0b,A,2p0b_A,142,1.74,342,test
3vdl,A,3vdl_A,71,2.04,168,train
8pqm,A,8pqm_A,76,1.46,183,train
4mi0,A,4mi0_A,208,2.00,603,train
2g1u,A,2g1u_A,137,1.50,409,val
2a5j,A,2a5j_A,177,1.50,563,train
3gmu,B,3gmu_B,165,1.98,509,train
1klx,A,1klx_A,133,1.95,420,train
8ibh,A,8ibh_A,75,2.10,199,train
3p7j,A,3p7j_A,59,2.30,155,val
4ham,A,4ham_A,134,1.91,348,train
6nzx,A,6nzx_A,76,1.90,202,train
1o5l,A,1o5l_A,129,2.30,378,val
6o43,A,6o43_A,199,2.08,683,val
1i4j,A,1i4j_A,110,1.80,322,train
6aic,A,6aic_A,202,1.80,670,val
1vkw,A,1vkw_A,217,2.00,672,test
7bmu,A,7bmu_A,115,1.90,299,train
8ht3,A,8ht3_A,104,2.50,321,train
1dyn,A,1dyn_A,113,2.20,340,train
1ijr,A,1ijr_A,104,2.20,298,train
4f25,A,4f25_A,81,1.90,232,test
3mx1,A,3mx1_A,208,2.30,594,test
2fbi,A,2fbi_A,136,2.10,394,train
1r0q,A,1r0q_A,130,1.61,406,train
1x8y,A,1x8y_A,74,2.20,161,train
6to5,AAAA,6to5_AAAA,65,2.38,135,val
5nir,A,5nir_A,69,1.74,137,train
8c4d,A,8c4d_A,184,1.97,629,val
2ppx,A,2ppx_A,62,2.00,180,train
5ytp,A,5ytp_A,68,2.46,140,train
2iy2,A,2iy2_A,69,1.90,187,train
2i0m,A,2i0m_A,207,2.40,695,test
5hh1,A,5hh1_A,195,1.80,580,val
7yfj,A,7yfj_A,97,2.40,225,train
1s7l,A,1s7l_A,177,2.30,570,train
4djg,A,4djg_A,49,1.90,111,val
8gqq,A,8gqq_A,99,1.07,311,train
4up5,A,4up5_A,85,1.65,241,train
4uw9,A,4uw9_A,228,2.30,742,train
7c9j,A,7c9j_A,207,2.10,695,train
4npn,A,4npn_A,71,1.63,208,train
1z06,A,1z06_A,165,1.81,507,train
6ekb,A,6ekb_A,62,1.90,151,val
1ayf,A,1ayf_A,103,1.85,303,train
1z67,A,1z67_A,127,1.45,373,train
4l8p,A,4l8p_A,168,1.60,489,train
1a8l,A,1a8l_A,226,1.90,776,val
6aex,U,6aex_U,165,2.39,494,train
2oy3,A,2oy3_A,98,1.78,336,val
3p51,A,3p51_A,145,2.06,469,train
3or5,A,3or5_A,145,1.66,437,train
3md1,A,3md1_A,83,1.60,242,train
9qkx,A,9qkx_A,221,2.30,743,train
4ftw,A,4ftw_A,220,2.30,736,train
9jw8,A,9jw8_A,147,1.50,432,train
3hdp,A,3hdp_A,132,2.06,385,train
4hei,A,4hei_A,92,1.60,280,val
8ovq,A,8ovq_A,208,1.61,583,val
6avd,A,6avd_A,40,1.80,94,test
1j7g,A,1j7g_A,144,1.64,466,train
2pag,A,2pag_A,132,1.60,407,train
8vva,A,8vva_A,78,1.75,219,train
6q1m,A,6q1m_A,119,1.24,359,train
5www,A,5www_A,94,1.80,261,val
3br8,A,3br8_A,90,1.33,269,train
4he7,A,4he7_A,54,1.80,138,train
3rjp,A,3rjp_A,96,1.50,284,train
8f8n,A,8f8n_A,148,1.80,466,train
4e2u,A,4e2u_A,168,1.58,572,train
1h04,P,1h04_P,125,2.00,347,train
4i82,A,4i82_A,121,2.50,368,train
1wvr,A,1wvr_A,221,2.40,718,train
7c31,A,7c31_A,47,1.30,122,train
6ac0,A,6ac0_A,115,1.45,361,train
3i71,A,3i71_A,56,2.10,123,val
9j27,A,9j27_A,258,2.20,858,train
2iwo,A,2iwo_A,92,1.70,259,train
2qkt,A,2qkt_A,85,2.05,238,train
5ylg,A,5ylg_A,47,1.48,111,train
3adg,A,3adg_A,72,1.70,202,train
9lks,A,9lks_A,137,1.79,391,train
7okv,A,7okv_A,167,1.85,516,train
5dfk,A,5dfk_A,185,2.40,571,train
1y71,A,1y71_A,109,1.95,338,train
7d86,A,7d86_A,185,1.84,543,train
1kn3,A,1kn3_A,180,1.80,599,train
6yb1,A,6yb1_A,33,2.15,71,train
6eiz,A,6eiz_A,31,1.85,62,train
7nsx,AAA,7nsx_AAA,170,1.90,575,train
3p1x,A,3p1x_A,70,1.90,191,train
3pyc,A,3pyc_A,132,1.96,413,train
1wnz,A,1wnz_A,180,1.70,598,train
9w1v,A,9w1v_A,51,1.70,139,train
5duk,A,5duk_A,60,2.35,125,test
2oi8,A,2oi8_A,203,2.50,597,val
4mhl,A,4mhl_A,161,2.09,473,train
2x2t,A,2x2t_A,152,1.97,516,train
2ja4,A,2ja4_A,101,2.21,300,train
5xg2,A,5xg2_A,237,2.00,690,val
4bpy,A,4bpy_A,163,1.40,541,train
3jxo,A,3jxo_A,84,1.55,217,train
3nnr,A,3nnr_A,203,2.49,645,train
7te2,A,7te2_A,205,2.25,637,test
5ji9,A,5ji9_A,205,2.50,718,val
2xnr,A,2xnr_A,75,1.60,218,train
6cdw,A,6cdw_A,194,1.84,630,train
2h8e,A,2h8e_A,120,1.20,347,train
8whn,A,8whn_A,142,1.95,421,val
3h0x,A,3h0x_A,150,1.92,449,test
7xao,A,7xao_A,105,1.45,309,test
1oqj,A,1oqj_A,90,1.55,260,train
8wxs,A,8wxs_A,76,2.00,204,train
2qg1,A,2qg1_A,89,1.40,251,train
3a02,A,3a02_A,51,1.00,142,train
2nsz,A,2nsz_A,129,1.15,419,train
6bp6,A,6bp6_A,78,2.17,155,train
7ntn,A,7ntn_A,77,2.02,227,train
4bfg,A,4bfg_A,190,2.08,562,train
3l9a,X,3l9a_X,81,1.30,234,test
9w6x,A,9w6x_A,199,2.38,646,train
6lcm,C,6lcm_C,166,2.50,514,val
4uys,A,4uys_A,178,1.05,559,test
1onj,A,1onj_A,61,1.55,151,train
3ii2,A,3ii2_A,150,2.00,482,train
2fmb,A,2fmb_A,104,1.80,268,train
3uep,A,3uep_A,85,2.25,159,train
3h79,A,3h79_A,115,1.50,374,train
3i9x,A,3i9x_A,157,2.20,469,train
2ayd,A,2ayd_A,76,1.60,182,test
4wo1,A,4wo1_A,32,2.14,66,train
6trj,A,6trj_A,85,1.30,205,train
3klu,A,3klu_A,119,2.20,315,test
4pbd,A,4pbd_A,102,1.68,255,train
2czs,A,2czs_A,70,1.50,136,train
7fcj,A,7fcj_A,148,1.88,480,test
7jma,A,7jma_A,214,1.70,711,val
4c18,A,4c18_A,76,1.49,181,train
6lui,A,6lui_A,71,1.78,214,train
7r1l,A,7r1l_A,46,1.45,121,train
1i9t,A,1i9t_A,190,1.70,625,train
3d33,A,3d33_A,94,1.70,269,train
3en2,A,3en2_A,91,2.30,252,train
9d9v,A,9d9v_A,63,2.39,157,train
3vc8,A,3vc8_A,81,2.00,230,train
3ctr,A,3ctr_A,75,2.10,172,train
6pfl,A,6pfl_A,76,2.10,192,train
2hs5,A,2hs5_A,207,2.20,686,train
4fuv,A,4fuv_A,213,2.15,685,train
4xzx,A,4xzx_A,192,2.20,612,train
6tn7,B,6tn7_B,87,1.67,263,train
1ecd,A,1ecd_A,136,1.40,412,train
5a6p,A,5a6p_A,72,2.10,211,test
3pbj,C,3pbj_C,30,2.20,55,train
2qzq,A,2qzq_A,152,1.90,492,train
5y2w,A,5y2w_A,208,2.20,649,train
3kkg,A,3kkg_A,144,1.40,437,test
4iy0,A,4iy0_A,152,1.90,444,train
4f3s,A,4f3s_A,231,2.14,805,val
2hl9,A,2hl9_A,218,1.90,724,train
2xy1,A,2xy1_A,192,1.98,587,val
7ur7,A,7ur7_A,63,1.21,167,train
6avw,A,6avw_A,210,2.14,714,train
2g0y,A,2g0y_A,133,2.30,445,train
2uuz,A,2uuz_A,90,2.30,248,val
4bg7,A,4bg7_A,98,1.90,266,train
7yoa,A,7yoa_A,33,1.67,77,train
1su0,B,1su0_B,136,2.30,436,train
2xc2,A,2xc2_A,110,1.56,332,train
5eza,A,5eza_A,31,1.76,57,train
4a0e,A,4a0e_A,108,2.04,343,train
8k9o,A,8k9o_A,179,1.75,544,train
3k2a,A,3k2a_A,55,1.95,140,test
2vkp,A,2vkp_A,103,1.90,313,test
8yeq,A,8yeq_A,72,1.50,217,train
7qdk,A,7qdk_A,32,1.41,58,train
1fd3,A,1fd3_A,41,1.35,110,train
7eyp,A,7eyp_A,94,1.50,284,train
6akk,A,6akk_A,49,1.50,109,train
3lgj,A,3lgj_A,95,2.50,257,train
3ndq,A,3ndq_A,97,1.93,285,test
2qzt,A,2qzt_A,108,1.70,303,val
1kk9,A,1kk9_A,206,2.10,699,train
4xzf,A,4xzf_A,121,1.38,374,val
2yjm,A,2yjm_A,165,1.84,547,val
8hn2,A,8hn2_A,110,2.30,330,val
6l00,A,6l00_A,70,1.75,180,train
8i75,A,8i75_A,31,1.33,92,test
2hxp,A,2hxp_A,144,1.83,459,train
1lxj,A,1lxj_A,104,1.80,268,train
4hwm,A,4hwm_A,117,1.38,352,train
9ne1,A,9ne1_A,203,2.11,655,train
3fge,A,3fge_A,198,1.74,575,train
2b4a,A,2b4a_A,116,2.42,328,test
1m2a,A,1m2a_A,103,1.50,322,train
2xu2,A,2xu2_A,241,2.30,840,train
1r1t,A,1r1t_A,98,1.70,250,train
1lki,A,1lki_A,172,2.00,545,train
1rki,A,1rki_A,101,1.60,292,train
4dnn,A,4dnn_A,50,2.10,112,train
1fwv,A,1fwv_A,134,2.20,456,train
2g40,A,2g40_A,164,1.70,519,train
8p4y,A,8p4y_A,192,2.05,594,test
2pim,A,2pim_A,132,2.20,404,train
5m43,A,5m43_A,168,1.65,568,train
1aba,A,1aba_A,87,1.45,232,train
4ypc,A,4ypc_A,83,1.44,167,train
4e8b,A,4e8b_A,242,2.25,754,val
7o2y,AAA,7o2y_AAA,166,2.50,483,train
4nyr,A,4nyr_A,153,2.49,477,train
7kp2,A,7kp2_A,138,1.03,456,train
7d8q,A,7d8q_A,174,1.50,568,train
6xxz,A,6xxz_A,31,1.70,64,train
5klf,A,5klf_A,92,1.80,285,train
4me8,A,4me8_A,117,2.27,348,train
5jrt,A,5jrt_A,64,1.53,181,train
1sfe,A,1sfe_A,165,2.10,516,train
1yqb,A,1yqb_A,88,2.00,216,train
8p32,D,8p32_D,125,2.15,389,train
8xuf,C,8xuf_C,51,2.30,120,train
6igw,A,6igw_A,119,1.98,352,val
9u46,A,9u46_A,151,1.99,484,train
3zr8,X,3zr8_X,65,0.90,179,train
2hly,A,2hly_A,205,1.60,653,train
2or8,A,2or8_A,116,2.50,336,train
3frr,A,3frr_A,186,1.80,597,train
3mn2,A,3mn2_A,108,1.80,310,train
2if5,A,2if5_A,115,2.00,327,train
2q5z,A,2q5z_A,93,2.30,240,train
6wsm,A,6wsm_A,74,2.45,162,train
4pr7,A,4pr7_A,171,2.10,502,test
3oeb,A,3oeb_A,144,1.55,500,train
2amh,A,2amh_A,195,2.00,631,train
5izw,A,5izw_A,101,1.74,312,train
6kyx,A,6kyx_A,100,2.00,283,train
7dgx,A,7dgx_A,49,2.06,101,train
3gzi,A,3gzi_A,203,2.05,612,train
5h9c,A,5h9c_A,78,1.78,185,train
2fi0,A,2fi0_A,79,2.10,233,train
6yue,A,6yue_A,227,2.40,675,val
1zrn,A,1zrn_A,220,1.83,739,train
1w6x,A,1w6x_A,56,2.00,165,test
7p3u,A,7p3u_A,201,1.50,638,train
1pqe,A,1pqe_A,117,1.95,359,train
8gad,A,8gad_A,105,1.88,322,train
4mal,A,4mal_A,59,2.05,151,train
1hpi,A,1hpi_A,71,1.80,196,train
1t9f,A,1t9f_A,178,2.00,624,train
5j5k,A,5j5k_A,151,1.95,494,train
5cj8,A,5cj8_A,179,2.02,547,test
6ac5,A,6ac5_A,97,1.45,302,train
3en8,A,3en8_A,128,1.85,361,train
9z0m,A,9z0m_A,109,1.70,335,train
1wdf,A,1wdf_A,91,2.50,226,train
4mo0,A,4mo0_A,79,2.10,220,train
3e9g,A,3e9g_A,107,2.50,305,train
5ez8,A,5ez8_A,31,1.95,56,test
8r17,A,8r17_A,188,2.30,548,train
4wal,A,4wal_A,127,2.20,321,train
8iw5,A,8iw5_A,48,1.70,99,train
6e16,A,6e16_A,226,2.40,743,train
2ckx,A,2ckx_A,83,1.90,258,train
1gsq,A,1gsq_A,202,2.40,645,test
2bf0,X,2bf0_X,131,2.30,421,train
4px8,A,4px8_A,99,1.25,303,train
2fq3,A,2fq3_A,85,1.40,250,test
6ra0,A,6ra0_A,138,2.26,372,train
1juv,A,1juv_A,193,1.70,610,train
3efg,A,3efg_A,51,2.00,110,train
7qec,A,7qec_A,106,1.95,290,train
3p8d,A,3p8d_A,53,2.00,140,train
4rt5,A,4rt5_A,101,1.50,266,train
2o90,A,2o90_A,115,1.07,345,val
1e29,A,1e29_A,135,1.21,403,train
1a62,A,1a62_A,125,1.55,366,train
8ix6,A,8ix6_A,221,2.47,753,val
1r5x,A,1r5x_A,103,2.30,318,train
5xhb,A,5xhb_A,198,1.90,607,train
3gp6,A,3gp6_A,155,1.40,486,train
1kuu,A,1kuu_A,202,2.20,714,val
8xy4,A,8xy4_A,122,2.42,379,val
9ual,A,9ual_A,70,1.68,159,train
7ex9,A,7ex9_A,180,1.75,553,train
3fb9,A,3fb9_A,89,1.80,249,train
8amp,A,8amp_A,65,2.00,166,train
6j9k,A,6j9k_A,116,2.23,311,test
9jql,A,9jql_A,201,2.10,707,train
2pe8,A,2pe8_A,101,2.00,301,val
4z4p,A,4z4p_A,161,2.20,489,val
3ltc,A,3ltc_A,69,2.00,172,train
5ezc,A,5ezc_A,30,1.80,57,train
3qp4,A,3qp4_A,178,1.55,571,train
3gpn,A,3gpn_A,253,2.50,814,val
2ob5,A,2ob5_A,151,1.60,474,train
2o31,A,2o31_A,67,1.50,206,train
3bm7,A,3bm7_A,106,1.35,292,train
3u2b,C,3u2b_C,76,2.40,168,train
4tr3,A,4tr3_A,188,1.90,572,val
9kz1,A,9kz1_A,85,1.44,263,train
8t9s,A,8t9s_A,89,1.21,228,train
4rlr,A,4rlr_A,126,2.00,382,train
8in4,A,8in4_A,207,1.40,618,train
3v9o,A,3v9o_A,121,1.45,352,train
2f1l,A,2f1l_A,164,2.46,525,train
4c6s,A,4c6s_A,142,1.75,439,test
3dnx,A,3dnx_A,146,1.94,442,test
9vkd,A,9vkd_A,122,2.30,397,train
1cr4,A,1cr4_A,243,2.50,791,train
4hcj,A,4hcj_A,173,1.12,633,train
5ith,A,5ith_A,80,2.31,241,train
4cah,B,4cah_B,109,1.90,288,train
5b82,A,5b82_A,161,2.00,468,train
1qg2,A,1qg2_A,201,2.50,655,train
7qwd,A,7qwd_A,30,1.35,55,train
1ybz,A,1ybz_A,76,1.82,174,test
3byb,A,3byb_A,58,1.63,157,train
3dyr,A,3dyr_A,111,2.00,333,train
7cfe,A,7cfe_A,214,2.02,742,val
7yzv,A,7yzv_A,185,1.60,631,train
9kla,A,9kla_A,131,1.78,353,train
1omy,A,1omy_A,64,2.00,191,train
1f9m,A,1f9m_A,112,1.86,330,train
7vs2,A,7vs2_A,190,2.50,604,train
9dd4,A,9dd4_A,123,2.11,382,test
1o13,A,1o13_A,107,1.83,334,train
2qsa,A,2qsa_A,101,1.68,306,train
6t69,A,6t69_A,205,2.50,672,train
3jrt,A,3jrt_A,166,2.30,497,train
9h70,A,9h70_A,154,1.69,476,train
9mf1,A,9mf1_A,178,2.20,574,train
3gqs,A,3gqs_A,100,2.20,309,train
6h49,A,6h49_A,147,1.80,454,train
4ab0,A,4ab0_A,46,1.64,127,train
5h8d,A,5h8d_A,114,1.89,353,test
5zyw,A,5zyw_A,233,2.20,736,train
3k29,A,3k29_A,162,2.00,444,train
7z35,A,7z35_A,56,2.30,167,train
2ds7,A,2ds7_A,40,2.50,95,train
6max,A,6max_A,111,1.42,347,train
6al9,A,6al9_A,90,2.30,208,train
6ov9,A,6ov9_A,34,2.10,73,test
5fu5,A,5fu5_A,117,1.50,367,train
7kpo,A,7kpo_A,107,1.28,334,train
5ivo,A,5ivo_A,120,1.80,376,train
4dny,A,4dny_A,109,1.61,319,train
6zza,A,6zza_A,150,2.49,443,train
6nwb,A,6nwb_A,156,2.00,481,train
3hz7,A,3hz7_A,74,2.00,221,train
5uzn,A,5uzn_A,80,1.99,241,train
2fj8,A,2fj8_A,120,1.19,309,train
7o76,XXX,7o76_XXX,40,1.13,120,test
5jvu,A,5jvu_A,76,1.95,160,train
5tk6,A,5tk6_A,191,1.92,576,train
5i41,B,5i41_B,67,1.80,179,train
3ci9,A,3ci9_A,44,1.80,86,train
1mn3,A,1mn3_A,54,2.30,122,val
1wvh,A,1wvh_A,132,1.50,404,test
3f52,A,3f52_A,77,1.75,225,train
6lln,A,6lln_A,239,1.80,814,train
1zce,A,1zce_A,146,1.30,488,train
5tja,A,5tja_A,191,2.30,549,test
2wfo,A,2wfo_A,153,1.73,477,train
4bfc,A,4bfc_A,193,1.70,664,train
3ct8,A,3ct8_A,133,2.10,383,train
9nxi,A,9nxi_A,137,1.75,467,train
6jqs,A,6jqs_A,67,2.09,183,train
4p2f,A,4p2f_A,189,2.05,609,train
1pwa,A,1pwa_A,123,1.30,378,train
2v4x,A,2v4x_A,131,1.50,432,train
7x5t,A,7x5t_A,216,1.65,698,test
3r15,A,3r15_A,78,1.70,235,train
4gr6,A,4gr6_A,104,2.00,294,train
4lwd,A,4lwd_A,90,1.79,269,train
3htr,A,3htr_A,98,2.06,240,train
2vkj,A,2vkj_A,106,1.65,306,train
3vpi,A,3vpi_A,152,1.50,494,train
1vjf,A,1vjf_A,168,1.62,534,train
4xa7,A,4xa7_A,226,1.56,739,train
6rk1,A,6rk1_A,46,1.63,100,train
1zlm,A,1zlm_A,58,1.07,163,train
8wqn,A,8wqn_A,155,1.80,512,train
5e6n,A,5e6n_A,111,2.10,333,test
1vjq,A,1vjq_A,73,2.10,195,train
4j12,A,4j12_A,209,1.90,619,train
3c9p,A,3c9p_A,122,1.96,379,val
7z0r,A,7z0r_A,81,1.66,197,train
5vz3,A,5vz3_A,108,1.97,289,train
3tdq,A,3tdq_A,86,2.10,211,train
1zuh,A,1zuh_A,151,1.80,470,train
1ztd,A,1ztd_A,125,2.00,386,train
3ewr,A,3ewr_A,167,2.01,550,test
6s2z,A,6s2z_A,175,2.50,544,train
4pbo,A,4pbo_A,207,1.70,695,train
3iil,A,3iil_A,175,2.00,549,train
5c39,A,5c39_A,51,1.75,126,train
4zgf,A,4zgf_A,141,1.00,460,train
2ysk,A,2ysk_A,144,1.90,437,train
2yy0,A,2yy0_A,38,2.40,79,val
5m1q,A,5m1q_A,171,1.45,550,train
6nty,A,6nty_A,82,2.10,227,train
6osx,A,6osx_A,153,1.45,466,val
2cy1,A,2cy1_A,138,2.30,413,train
2h0u,A,2h0u_A,196,1.90,573,train
1wwb,X,1wwb_X,103,2.10,230,train
4ax2,A,4ax2_A,124,1.88,345,test
9mgs,A,9mgs_A,154,2.10,415,train
3hf0,A,3hf0_A,30,2.10,64,train
6qpk,A,6qpk_A,77,1.36,245,train
1sdo,A,1sdo_A,192,1.85,624,train
3e99,A,3e99_A,149,1.90,448,train
2yyo,A,2yyo_A,160,2.00,565,val
4kdd,A,4kdd_A,184,1.90,572,train
3gt2,A,3gt2_A,135,1.75,444,train
5hwf,A,5hwf_A,167,2.50,526,train
1o5j,A,1o5j_A,104,1.95,317,train
1wm3,A,1wm3_A,72,1.20,211,train
4hx0,A,4hx0_A,161,1.87,511,val
1jvw,A,1jvw_A,160,1.70,521,train
1mof,A,1mof_A,53,1.70,102,train
3dm8,A,3dm8_A,135,1.80,412,train
7lp1,A,7lp1_A,39,1.35,76,train
8sde,A,8sde_A,89,2.27,195,train
6q5s,A,6q5s_A,31,1.89,57,train
3fwu,A,3fwu_A,113,1.80,326,train
1tuk,A,1tuk_A,67,1.12,190,test
6l2l,A,6l2l_A,143,2.40,476,train
1tgj,A,1tgj_A,112,2.00,321,train
1ed1,A,1ed1_A,114,2.10,341,train
3s4l,A,3s4l_A,197,2.30,648,val
5m4v,A,5m4v_A,57,1.06,156,test
7v9f,A,7v9f_A,107,2.50,243,train
2h9c,A,2h9c_A,88,2.35,219,train
6l2u,A,6l2u_A,103,1.50,290,train
1j24,A,1j24_A,133,1.78,403,train
1z0p,A,1z0p_A,73,1.70,192,train
1ecm,A,1ecm_A,91,2.20,224,train
9c7z,A,9c7z_A,66,2.10,167,train
3wtr,A,3wtr_A,141,1.96,447,train
1wka,A,1wka_A,143,1.70,458,train
1edu,A,1edu_A,149,1.80,470,train
3cu3,A,3cu3_A,162,2.00,481,train
5nvj,A,5nvj_A,60,1.18,173,train
8kc4,A,8kc4_A,151,2.20,460,train
7ath,AAA,7ath_AAA,136,2.34,308,train
3g80,A,3g80_A,73,2.50,181,train
4n6u,A,4n6u_A,79,2.25,228,train
1nqy,A,1nqy_A,170,2.09,551,train
3vk6,A,3vk6_A,96,1.90,195,val
6fmx,A,6fmx_A,201,1.79,697,val
2y2y,A,2y2y_A,95,2.00,260,train
6h48,A,6h48_A,77,2.20,222,train
1g5r,A,1g5r_A,157,2.10,476,val
6gfb,A,6gfb_A,119,2.08,341,val
8vc8,A,8vc8_A,197,1.80,649,test
1tp6,A,1tp6_A,126,1.50,354,train
1zxk,A,1zxk_A,96,2.00,252,train
5cco,A,5cco_A,167,2.33,420,train
5eqz,A,5eqz_A,138,1.80,431,train
3kzx,A,3kzx_A,205,1.90,656,train
2j7j,A,2j7j_A,85,1.65,184,train
2pfs,A,2pfs_A,125,2.25,355,train
5nqn,A,5nqn_A,125,1.62,404,train
5ces,A,5ces_A,91,2.10,245,train
1lgq,A,1lgq_A,112,2.10,211,train
5dtc,A,5dtc_A,87,1.70,240,train
7w2p,A,7w2p_A,64,1.15,173,train
3gk6,A,3gk6_A,153,1.80,490,train
2y9g,A,2y9g_A,147,1.67,484,train
1dmg,A,1dmg_A,172,1.70,536,train
6tju,AAA,6tju_AAA,55,1.80,134,train
2g2c,A,2g2c_A,152,1.50,490,train
3i9y,A,3i9y_A,229,2.16,722,train
4qyb,A,4qyb_A,115,2.10,332,train
6mx5,A,6mx5_A,189,2.35,584,train
4yjw,A,4yjw_A,153,1.80,480,train
8tnm,A,8tnm_A,136,1.10,464,train
5oll,A,5oll_A,35,1.45,83,train
4afd,A,4afd_A,129,1.34,379,train
2dlb,A,2dlb_A,70,1.20,91,val
6e8h,A,6e8h_A,158,1.68,460,val
9dte,A,9dte_A,59,1.49,168,train
1pzw,A,1pzw_A,80,2.00,194,train
2wjr,A,2wjr_A,204,1.80,649,train
6w6z,A,6w6z_A,151,1.71,491,train
3of1,A,3of1_A,246,2.21,777,train
8ez6,A,8ez6_A,65,2.00,187,train
6eoa,A,6eoa_A,193,2.18,594,train
1m1q,A,1m1q_A,90,0.97,188,val
7vz2,A,7vz2_A,54,1.70,128,val
2ip6,A,2ip6_A,87,1.35,267,train
2hq6,A,2hq6_A,170,1.75,576,test
1tuh,A,1tuh_A,131,1.85,425,train
4hoj,A,4hoj_A,197,1.40,623,train
8k8i,A,8k8i_A,211,2.10,713,val
2r77,A,2r77_A,190,1.65,623,val
5y9p,A,5y9p_A,212,2.20,701,val
7udo,A,7udo_A,172,2.50,574,test
5ci9,A,5ci9_A,116,2.30,356,train
1c94,A,1c94_A,37,2.08,73,test
2qjl,A,2qjl_A,99,1.44,297,train
6bph,A,6bph_A,66,1.85,170,train
6rx1,A,6rx1_A,89,2.10,214,train
2rdp,A,2rdp_A,140,2.30,390,train
3rnj,A,3rnj_A,67,1.50,173,train
4j20,A,4j20_A,88,1.30,247,train
4dom,A,4dom_A,141,1.80,439,train
8vj1,A,8vj1_A,75,2.26,194,train
1q0a,A,1q0a_A,91,2.00,198,train
4icv,A,4icv_A,84,1.45,246,train
1smx,A,1smx_A,87,1.80,233,train
1eni,A,1eni_A,137,2.20,409,val
2e3h,A,2e3h_A,81,1.45,243,train
6guv,A,6guv_A,134,2.29,349,train
3u7z,A,3u7z_A,97,1.30,272,train
6q61,A,6q61_A,59,1.30,150,test
9lmm,A,9lmm_A,93,1.65,249,val
1jb3,A,1jb3_A,127,1.60,404,train
1n81,A,1n81_A,186,2.10,572,train
5apa,A,5apa_A,196,2.05,692,train
3q0b,X,3q0b_X,148,2.20,434,train
6z4u,A,6z4u_A,84,1.95,157,train
3lf5,A,3lf5_A,87,1.25,236,train
1pi1,A,1pi1_A,185,2.00,580,val
4n8p,A,4n8p_A,119,2.30,247,val
5a9h,A,5a9h_A,189,2.06,625,train
5d9r,A,5d9r_A,132,2.05,398,val
8axo,A,8axo_A,32,1.29,61,train
1ljo,A,1ljo_A,75,1.95,214,train
7dgu,A,7dgu_A,97,1.75,311,train
5e96,A,5e96_A,155,2.10,495,train
1xer,A,1xer_A,103,2.00,310,train
8a5u,B,8a5u_B,201,2.40,622,test
3zlm,A,3zlm_A,177,2.00,596,train
3h6n,A,3h6n_A,104,2.00,283,train
1w0u,A,1w0u_A,55,1.80,142,val
1e7n,A,1e7n_A,89,2.35,270,train
2c8s,A,2c8s_A,149,1.60,406,train
3rle,A,3rle_A,202,1.65,626,train
2zib,A,2zib_A,130,1.34,401,train
6shw,A,6shw_A,48,2.00,104,train
1ckt,A,1ckt_A,71,2.50,182,train
4xyo,A,4xyo_A,99,2.00,294,train
3i2v,A,3i2v_A,124,1.25,380,train
6sm1,A,6sm1_A,111,1.55,344,test
4lb1,D,4lb1_D,30,2.00,70,test
3iuw,A,3iuw_A,79,1.58,226,train
3v85,A,3v85_A,204,1.90,663,train
4hcs,A,4hcs_A,67,1.28,176,train
4hrs,A,4hrs_A,66,2.30,117,train
6k5u,A,6k5u_A,77,2.08,178,train
4ccs,A,4ccs_A,226,1.90,712,val
3r6f,A,3r6f_A,130,1.85,337,train
2cm4,A,2cm4_A,145,1.90,439,train
5hqh,A,5hqh_A,96,1.32,263,test
7avh,A,7avh_A,167,1.35,457,test
5evh,A,5evh_A,121,1.85,375,train
2pa2,A,2pa2_A,108,2.50,347,train
1xt5,A,1xt5_A,135,1.15,412,train
9bqr,A,9bqr_A,38,1.47,80,train
7zvm,A,7zvm_A,104,1.58,309,train
3ext,A,3ext_A,211,2.00,719,train
3ih3,A,3ih3_A,202,2.35,644,val
2rkh,A,2rkh_A,164,2.00,437,train
7xcc,A,7xcc_A,164,1.75,528,val
1r7l,A,1r7l_A,103,2.00,279,train
7tbr,A,7tbr_A,142,1.10,428,train
4pn9,A,4pn9_A,30,2.20,59,train
8pu2,A,8pu2_A,74,1.24,213,train
9jb3,A,9jb3_A,189,1.50,637,train
2oqb,A,2oqb_A,108,1.69,311,train
8k3d,A,8k3d_A,105,2.30,297,val
3f8k,A,3f8k_A,132,1.84,399,train
8eb5,A,8eb5_A,74,2.50,192,test
2hc8,A,2hc8_A,113,1.65,353,train
3c0c,A,3c0c_A,64,1.70,180,val
6jk5,A,6jk5_A,125,1.25,402,train
7bvw,A,7bvw_A,79,2.10,213,train
6c37,A,6c37_A,209,1.70,713,val
6aep,A,6aep_A,79,1.84,219,train
8vez,A,8vez_A,115,2.15,350,train
5b1r,A,5b1r_A,116,1.20,349,train
6ae1,A,6ae1_A,114,2.40,365,train
1kl9,A,1kl9_A,168,1.90,552,train
6np7,A,6np7_A,113,2.16,331,test
3e8w,A,3e8w_A,219,2.50,702,train
3ltj,A,3ltj_A,191,1.80,636,train
1ezj,A,1ezj_A,114,1.90,278,train
4kd6,A,4kd6_A,215,2.25,732,train
3vp9,A,3vp9_A,70,1.80,151,val
1mr8,A,1mr8_A,90,1.90,256,train
2qec,A,2qec_A,181,1.90,525,train
3ejv,A,3ejv_A,159,1.40,439,train
8s9n,A,8s9n_A,224,1.89,721,train
3fza,A,3fza_A,106,1.80,322,train
6au7,A,6au7_A,38,1.90,114,train
3o3y,A,3o3y_A,37,1.35,76,train
3f1b,A,3f1b_A,183,2.40,611,train
3p2h,A,3p2h_A,184,2.00,606,train
5e1l,A,5e1l_A,173,2.15,568,train
3ewg,A,3ewg_A,80,2.04,232,val
8j9q,A,8j9q_A,73,2.18,201,train
8su7,A,8su7_A,120,2.40,369,val
6hlk,A,6hlk_A,131,2.42,375,train
6e6r,A,6e6r_A,56,1.50,159,train
5loz,A,5loz_A,137,1.95,451,train
5gmb,A,5gmb_A,171,1.62,541,train
1ws6,A,1ws6_A,171,2.50,533,train
1z6m,A,1z6m_A,175,1.30,573,train
1cc7,A,1cc7_A,72,1.20,202,train
5tqj,A,5tqj_A,124,1.30,355,test
2cyj,A,2cyj_A,118,1.50,390,train
8dv0,A,8dv0_A,192,1.40,597,test
6owd,A,6owd_A,30,1.50,57,train
3kfo,A,3kfo_A,213,1.90,709,train
3h7m,A,3h7m_A,228,2.40,796,train
8uds,D,8uds_D,147,1.50,442,train
2hd9,A,2hd9_A,145,1.35,458,test
3nl9,A,3nl9_A,169,1.78,395,train
1l8r,A,1l8r_A,101,1.65,307,train
3raz,A,3raz_A,135,2.00,420,train
4ygt,A,4ygt_A,148,2.13,490,train
1w2l,A,1w2l_A,97,1.30,285,val
2f6e,A,2f6e_A,125,1.85,344,test
1sk4,A,1sk4_A,163,1.65,496,train
6fm8,A,6fm8_A,50,1.78,115,train
2nsa,A,2nsa_A,167,1.70,474,train
2b0v,A,2b0v_A,148,1.55,443,test
4uz0,A,4uz0_A,87,2.40,266,train
7nfl,A,7nfl_A,31,1.44,54,train
2ar1,A,2ar1_A,157,1.60,488,test
1ijt,A,1ijt_A,128,1.80,416,train
3kfw,X,3kfw_X,234,2.50,699,train
6g66,A,6g66_A,31,1.60,57,train
6onp,A,6onp_A,211,2.27,679,train
5c8h,A,5c8h_A,105,2.01,301,train
5nyq,A,5nyq_A,208,1.95,689,test
2z5w,A,2z5w_A,136,1.35,436,train
4zqa,A,4zqa_A,86,1.65,188,train
4rd7,A,4rd7_A,119,1.57,332,train
6uwo,A,6uwo_A,120,2.30,365,train
1bik,A,1bik_A,110,2.50,319,train
4hnr,A,4hnr_A,120,1.90,382,train
3vvv,A,3vvv_A,108,1.35,300,train
3hqc,A,3hqc_A,140,1.80,407,train
4mk6,A,4mk6_A,188,2.35,602,train
3q4q,A,3q4q_A,169,1.75,592,train
7z5k,A,7z5k_A,56,2.28,130,val
6mrn,A,6mrn_A,240,2.29,767,train
4o7q,A,4o7q_A,94,1.82,298,test
6s2p,N,6s2p_N,252,2.50,712,train
1lo7,A,1lo7_A,140,1.50,441,train
9q36,A,9q36_A,104,2.10,318,train
5hre,A,5hre_A,177,1.75,547,val
3m6q,A,3m6q_A,181,2.40,588,test
4kv2,A,4kv2_A,90,1.88,250,train
5gyq,A,5gyq_A,169,2.10,528,train
4liz,A,4liz_A,139,1.50,435,train
6q22,A,6q22_A,34,1.60,72,train
3tmo,A,3tmo_A,141,2.20,354,train
9zfq,A,9zfq_A,170,1.90,560,train
1et1,A,1et1_A,34,0.90,70,train
1yje,A,1yje_A,226,2.40,744,train
3h4y,A,3h4y_A,154,1.55,531,train
6edv,A,6edv_A,184,1.35,602,train
1vbw,A,1vbw_A,68,0.93,188,train
3jtz,A,3jtz_A,77,1.30,208,train
2fiu,A,2fiu_A,96,2.00,281,val
2nyc,A,2nyc_A,130,1.90,395,train
3o7k,A,3o7k_A,139,1.98,432,train
3tjq,A,3tjq_A,106,2.00,282,train
1fxr,A,1fxr_A,64,2.30,165,train
1r6k,A,1r6k_A,187,2.50,565,train
6drq,A,6drq_A,185,2.30,565,val
5v1b,A,5v1b_A,226,2.49,759,test
4ilu,A,4ilu_A,165,2.30,436,val
2p0t,A,2p0t_A,148,2.19,437,train
2ra9,A,2ra9_A,127,1.40,346,train
2c3g,A,2c3g_A,98,2.00,286,train
3bqx,A,3bqx_A,139,1.40,380,train
5x56,A,5x56_A,103,1.85,318,train
9kkd,A,9kkd_A,45,1.85,82,train
4den,A,4den_A,112,1.60,363,train
3b7x,A,3b7x_A,117,2.10,360,train
7okw,A,7okw_A,97,1.62,265,train
2buk,A,2buk_A,184,2.45,607,train
2qqy,A,2qqy_A,139,2.00,462,train
6xy0,A,6xy0_A,31,1.11,57,train
6mj9,A,6mj9_A,145,1.85,454,train
5ol9,A,5ol9_A,81,1.30,251,train
2dg7,A,2dg7_A,187,2.30,585,train
2uv4,A,2uv4_A,144,1.33,424,train
3idv,A,3idv_A,235,1.95,708,train
3l2c,A,3l2c_A,85,1.87,238,train
7enm,A,7enm_A,101,1.70,310,train
2zov,A,2zov_A,166,2.00,508,train
3dxs,X,3dxs_X,74,1.70,229,train
8k7z,A,8k7z_A,172,1.30,545,train
4h8o,A,4h8o_A,32,1.60,60,train
6ao7,A,6ao7_A,153,1.85,457,train
4u6n,A,4u6n_A,193,1.91,661,train
4tn5,A,4tn5_A,113,2.29,357,train
4kvh,A,4kvh_A,111,1.61,329,train
2w50,A,2w50_A,98,1.60,294,train
4qma,A,4qma_A,192,1.65,628,test
5n35,A,5n35_A,60,2.24,171,train
1xcj,A,1xcj_A,229,2.00,798,train
3ost,A,3ost_A,119,1.69,363,val
4hs2,A,4hs2_A,64,1.53,186,train
1ixl,A,1ixl_A,130,1.94,413,test
2qt4,A,2qt4_A,95,1.30,282,train
3ifk,A,3ifk_A,87,2.03,262,train
4dn9,A,4dn9_A,98,2.05,269,train
4gos,A,4gos_A,115,1.59,348,train
1i3j,A,1i3j_A,96,2.20,190,val
1woz,A,1woz_A,159,1.94,528,train
9fdo,A,9fdo_A,78,2.06,204,train
3csz,A,3csz_A,159,1.80,574,train
7v4m,B,7v4m_B,168,1.90,548,train
2y43,A,2y43_A,89,1.80,248,train
4w5h,A,4w5h_A,208,1.96,638,test
1k4j,A,1k4j_A,193,2.50,636,train
1kpt,A,1kpt_A,105,1.75,348,train
7rzb,A,7rzb_A,138,1.60,461,train
2p06,A,2p06_A,84,2.10,235,train
6gdj,A,6gdj_A,71,1.50,191,train
9iez,A,9iez_A,97,1.45,262,val
6xpg,A,6xpg_A,198,1.90,672,train
8rw6,B,8rw6_B,106,1.83,329,test
3zfi,A,3zfi_A,93,1.98,277,train
1ucr,A,1ucr_A,74,1.20,195,train
6hba,A,6hba_A,89,1.65,251,train
8woj,A,8woj_A,75,1.77,208,train
3m4r,A,3m4r_A,213,2.00,716,train
2c2q,A,2c2q_A,183,1.70,600,train
6xat,A,6xat_A,77,2.20,191,train
3kwr,A,3kwr_A,83,1.45,211,train
1e3o,C,1e3o_C,132,1.90,383,test
4xrf,A,4xrf_A,142,2.16,401,train
2o7t,A,2o7t_A,188,2.10,572,train
1w24,A,1w24_A,180,2.10,579,train
4xed,A,4xed_A,97,1.23,310,train
2d68,A,2d68_A,75,1.60,197,test
3hcz,A,3hcz_A,147,1.88,469,train
3nr5,A,3nr5_A,157,1.55,471,train
9m0k,A,9m0k_A,61,1.80,140,train
4bgc,A,4bgc_A,102,1.20,307,train
2nqw,A,2nqw_A,87,1.30,251,train
2yh9,A,2yh9_A,66,1.80,104,val
2cxh,A,2cxh_A,180,1.80,587,train
2iia,A,2iia_A,89,1.80,267,train
2oee,A,2oee_A,92,1.96,234,train
5f29,A,5f29_A,70,1.82,199,train
2vyo,A,2vyo_A,206,1.50,690,train
6psh,A,6psh_A,70,2.21,170,train
6l7x,A,6l7x_A,203,2.39,627,train
6w1e,A,6w1e_A,202,2.20,645,train
3js5,A,3js5_A,156,1.94,515,train
4fz4,A,4fz4_A,154,2.44,480,train
1iab,A,1iab_A,200,1.79,653,train
7dtl,A,7dtl_A,61,1.80,149,train
2wb3,A,2wb3_A,155,1.90,171,val
1cqk,A,1cqk_A,101,2.20,296,train
5xi8,A,5xi8_A,175,1.70,549,train
2gpi,A,2gpi_A,91,1.60,256,train
1buo,A,1buo_A,121,1.90,342,train
3va1,A,3va1_A,107,1.74,319,train
7qat,A,7qat_A,215,2.40,692,train
9f5a,A,9f5a_A,32,2.00,58,train
2vmh,A,2vmh_A,147,1.50,489,test
9ydf,A,9ydf_A,131,2.18,412,test
5od4,A,5od4_A,124,1.10,334,train
4mge,A,4mge_A,108,1.85,337,test
7bas,A,7bas_A,31,1.10,56,train
5cuw,A,5cuw_A,162,1.89,545,train
3d6w,A,3d6w_A,109,2.40,320,train
7k82,A,7k82_A,190,2.10,556,train
1jnm,A,1jnm_A,56,2.20,129,val
1w16,A,1w16_A,125,2.30,405,train
6prh,A,6prh_A,122,2.08,309,train
3kq0,A,3kq0_A,175,1.80,549,train
7f3k,A,7f3k_A,90,1.76,273,train
2b02,A,2b02_A,111,1.50,339,train
3rt2,A,3rt2_A,171,1.50,522,train
1aoj,A,1aoj_A,60,2.50,100,train
3msh,A,3msh_A,90,1.51,247,train
3u8v,A,3u8v_A,83,1.90,287,train
1u5z,A,1u5z_A,128,2.40,406,test
3bd3,A,3bd3_A,112,1.60,351,train
3d7n,A,3d7n_A,157,2.30,529,train
3r3t,A,3r3t_A,95,2.30,104,train
1bgc,A,1bgc_A,158,1.70,521,train
2hps,A,2hps_A,184,1.72,593,train
3agn,A,3agn_A,114,0.96,330,train
6q10,A,6q10_A,148,1.60,448,train
8yxu,A,8yxu_A,91,2.10,268,train
7p0v,A,7p0v_A,90,1.56,250,val
2f8k,A,2f8k_A,84,2.00,245,train
2p57,A,2p57_A,124,1.80,402,train
3n6t,A,3n6t_A,205,1.85,643,train
2x6u,A,2x6u_A,176,1.90,538,train
2opg,A,2opg_A,98,1.50,271,train
1mb1,A,1mb1_A,98,2.10,302,train
9fic,A,9fic_A,79,1.30,226,train
2agc,A,2agc_A,162,2.50,437,train
8p2a,A,8p2a_A,89,2.00,272,train
5hwi,A,5hwi_A,229,1.75,761,train
3kbg,A,3kbg_A,192,1.75,596,train
5c9n,A,5c9n_A,64,2.20,145,train
1od9,A,1od9_A,119,2.10,354,train
8w4d,A,8w4d_A,225,2.17,724,train
7z0k,A,7z0k_A,87,2.30,255,train
6ood,A,6ood_A,155,1.50,478,train
1zgh,A,1zgh_A,227,2.05,709,val
1iu9,A,1iu9_A,111,2.04,361,test
3lxx,A,3lxx_A,169,2.15,496,train
6mjk,A,6mjk_A,144,1.45,366,test
4qvs,A,4qvs_A,217,2.10,421,train
9q88,A,9q88_A,79,1.20,182,test
6ha4,A,6ha4_A,55,1.33,157,val
4zho,A,4zho_A,97,2.34,292,train
2x8w,A,2x8w_A,125,1.95,400,train
7fdf,A,7fdf_A,197,2.05,620,val
7wme,A,7wme_A,153,1.70,486,train
6le1,A,6le1_A,89,2.30,191,train
1vtn,C,1vtn_C,102,2.50,276,train
2xdg,A,2xdg_A,89,1.95,219,train
7bav,A,7bav_A,31,1.30,57,test
8qlu,A,8qlu_A,137,2.02,393,train
7wvr,A,7wvr_A,199,1.41,668,train
4c0n,A,4c0n_A,150,1.77,497,train
1row,A,1row_A,107,2.00,318,train
1bd8,A,1bd8_A,156,1.80,511,train
1v0a,A,1v0a_A,170,1.98,555,val
5mvr,A,5mvr_A,148,1.76,450,train
3key,A,3key_A,175,2.10,555,train
1tsf,A,1tsf_A,81,1.70,256,train
6ecm,A,6ecm_A,98,2.35,272,test
3fpr,A,3fpr_A,85,1.63,222,train
8gpm,A,8gpm_A,193,1.70,575,train
7a1t,A,7a1t_A,30,1.42,53,train
7dqg,A,7dqg_A,161,2.21,391,train
3emu,A,3emu_A,144,2.30,463,test
2rfr,A,2rfr_A,154,1.16,477,train
2av4,A,2av4_A,135,1.73,449,train
2oqk,A,2oqk_A,94,1.80,272,val
1hdf,A,1hdf_A,100,2.35,342,test
1i9e,A,1i9e_A,115,2.50,338,train
7du0,A,7du0_A,125,1.96,376,train
9wye,A,9wye_A,212,1.35,698,train
6a5d,A,6a5d_A,93,1.40,276,val
3f0a,A,3f0a_A,159,2.50,507,train
7c78,A,7c78_A,69,1.98,190,val
2czr,A,2czr_A,226,2.30,674,train
7b2s,A,7b2s_A,172,1.50,591,train
6wbp,A,6wbp_A,56,1.80,119,train
3uwt,A,3uwt_A,197,2.50,600,test
9gso,A,9gso_A,167,1.61,503,train
2hhg,A,2hhg_A,132,1.20,387,train
4hyl,A,4hyl_A,113,1.75,332,train
3qre,A,3qre_A,198,2.40,682,train
8hs7,A,8hs7_A,126,2.00,358,train
7trw,A,7trw_A,213,2.28,640,train
3g98,A,3g98_A,111,1.85,390,test
7bng,A,7bng_A,96,1.47,287,train
4zya,A,4zya_A,69,1.65,181,train
3car,A,3car_A,103,1.90,212,train
7nen,A,7nen_A,160,1.98,485,train
8hl6,A,8hl6_A,212,1.80,699,train
6lg3,A,6lg3_A,74,1.90,215,train
5zwz,A,5zwz_A,146,2.00,444,val
9q8b,A,9q8b_A,145,1.40,462,train
6o6d,A,6o6d_A,66,1.82,179,val
1iko,P,1iko_P,141,1.92,407,train
4e0q,A,4e0q_A,121,2.50,348,train
6t9q,A,6t9q_A,62,1.15,154,train
3k0x,A,3k0x_A,100,1.70,281,train
6cxb,A,6cxb_A,122,1.70,349,train
4nxy,A,4nxy_A,176,1.45,558,test
4id3,A,4id3_A,87,1.97,254,train
6tgj,A,6tgj_A,68,1.50,200,train
1u7u,A,1u7u_A,198,2.40,632,train
2yzt,A,2yzt_A,67,1.80,127,train
6jsa,A,6jsa_A,165,1.30,555,train
9kvu,A,9kvu_A,94,1.90,283,train
6if6,A,6if6_A,131,1.90,389,train
1lba,A,1lba_A,146,2.20,476,train
5el0,A,5el0_A,223,1.85,718,train
4f54,A,4f54_A,184,1.60,576,train
1t3x,A,1t3x_A,130,2.00,400,train
1oot,A,1oot_A,58,1.39,169,val
5al6,A,5al6_A,44,0.80,90,val
7eyl,A,7eyl_A,95,1.20,286,train
1wv9,A,1wv9_A,87,2.00,265,train
2cwy,A,2cwy_A,94,1.85,292,val
7aoj,A,7aoj_A,158,1.63,506,train
8fhb,A,8fhb_A,204,1.95,673,train
1usd,A,1usd_A,42,1.70,86,train
4jyo,X,4jyo_X,217,2.50,780,train
7yvz,A,7yvz_A,63,1.70,128,train
4ira,A,4ira_A,162,2.20,443,train
6jhv,A,6jhv_A,116,2.32,353,train
3qd7,X,3qd7_X,131,2.30,415,test
2vky,B,2vky_B,152,2.05,357,train
6jza,A,6jza_A,81,2.30,193,train
1x9r,A,1x9r_A,105,1.90,301,train
8fr5,A,8fr5_A,92,1.33,262,train
6gyh,A,6gyh_A,225,2.00,835,train
9ht6,A,9ht6_A,121,2.40,344,train
4ki9,A,4ki9_A,157,2.00,509,train
8ss1,A,8ss1_A,98,1.88,308,train
2pn2,A,2pn2_A,137,1.95,346,val
9hv7,A,9hv7_A,113,1.55,351,train
1yzf,A,1yzf_A,195,1.90,685,val
4il7,A,4il7_A,85,1.40,260,train
6l5h,A,6l5h_A,82,1.30,191,train
9k5h,A,9k5h_A,70,1.80,198,train
4mn0,A,4mn0_A,182,1.90,604,train
3llh,A,3llh_A,64,2.14,188,train
3suj,A,3suj_A,123,1.34,407,train
3qh6,A,3qh6_A,140,1.80,429,train
7fds,A,7fds_A,111,1.26,299,train
3bzr,A,3bzr_A,109,1.65,326,train
2bf2,A,2bf2_A,102,2.10,304,train
8x4n,A,8x4n_A,119,2.46,332,train
7zhd,A,7zhd_A,149,1.65,463,train
4d74,A,4d74_A,151,1.57,494,train
2e12,A,2e12_A,93,1.70,256,train
3k69,A,3k69_A,151,1.95,417,train
2nrk,A,2nrk_A,165,1.65,523,train
5mbg,A,5mbg_A,192,2.30,633,train
3e46,A,3e46_A,202,1.86,669,train
1o5u,A,1o5u_A,88,1.83,261,train
4m5c,A,4m5c_A,214,2.50,772,train
2z14,A,2z14_A,116,1.68,300,train
3mce,A,3mce_A,57,2.40,109,test
2yal,A,2yal_A,39,2.27,65,train
8zg8,A,8zg8_A,59,1.74,144,train
5ubb,A,5ubb_A,218,2.00,696,train
5mjo,A,5mjo_A,186,1.55,601,train
1zv1,A,1zv1_A,59,1.60,160,train
6g6d,A,6g6d_A,31,2.05,63,train
9e5b,A,9e5b_A,214,2.26,646,val
1rh6,A,1rh6_A,55,1.70,133,train
7xy5,A,7xy5_A,197,2.37,644,train
7b5u,A,7b5u_A,81,1.20,230,train
1x6j,A,1x6j_A,88,2.00,257,train
1k6k,A,1k6k_A,142,1.80,424,train
1q8b,A,1q8b_A,93,1.90,280,train
6ir8,A,6ir8_A,69,2.30,95,train
3gbw,A,3gbw_A,161,1.32,554,train
3mhx,A,3mhx_A,85,1.70,243,train
1ujc,A,1ujc_A,156,1.90,513,train
1bec,A,1bec_A,238,1.70,738,test
4yx1,A,4yx1_A,69,1.35,130,train
3tss,A,3tss_A,190,1.90,632,train
3k7b,A,3k7b_A,85,2.10,239,train
3h31,A,3h31_A,74,1.00,183,train
4u77,A,4u77_A,121,2.03,330,train
3l1n,A,3l1n_A,155,1.30,392,train
7pc1,A,7pc1_A,72,1.90,188,test
5zu6,A,5zu6_A,152,1.40,467,val
5d8f,A,5d8f_A,109,2.35,280,train
9gfq,A,9gfq_A,117,1.70,339,test
7pt5,A,7pt5_A,120,2.30,368,train
3oio,A,3oio_A,112,1.65,338,test
4mo7,A,4mo7_A,188,1.70,616,train
1bx8,A,1bx8_A,49,1.40,93,train
2r39,A,2r39_A,109,2.02,332,train
5w0j,A,5w0j_A,31,2.20,57,train
2nn4,A,2nn4_A,62,2.10,168,train
1j3a,A,1j3a_A,129,1.60,397,train
8te6,A,8te6_A,119,1.25,347,test
4q9b,A,4q9b_A,101,1.50,273,train
4b9p,A,4b9p_A,166,1.18,537,train
8ujw,A,8ujw_A,182,1.72,547,test
1pl5,A,1pl5_A,75,2.50,174,train
4hae,A,4hae_A,66,2.00,130,train
3b79,A,3b79_A,125,1.37,392,train
3kol,A,3kol_A,146,1.90,351,train
7vnh,A,7vnh_A,112,2.40,332,train
5o75,A,5o75_A,71,1.48,188,train
1ac6,A,1ac6_A,110,2.30,346,test
1mj4,A,1mj4_A,80,1.20,215,train
4nhr,A,4nhr_A,137,2.34,359,val
7m3z,A,7m3z_A,109,1.40,328,train
6tne,A,6tne_A,108,1.25,347,train
8r9r,A,8r9r_A,255,2.42,855,train
1c75,A,1c75_A,71,0.97,206,train
1isu,A,1isu_A,62,1.50,160,train
1y9b,A,1y9b_A,81,2.20,165,test
2oiv,A,2oiv_A,170,1.95,537,train
1d4o,A,1d4o_A,177,1.21,561,test
6tgt,A,6tgt_A,163,2.15,536,val
3v3l,A,3v3l_A,83,1.65,233,val
3t0o,A,3t0o_A,196,1.59,699,train
3ag7,A,3ag7_A,105,1.80,303,train
6nrx,A,6nrx_A,106,1.90,315,train
5nod,A,5nod_A,75,1.90,203,train
3pp5,A,3pp5_A,63,1.50,146,train
5ix3,A,5ix3_A,166,1.81,533,train
2wlc,A,2wlc_A,211,1.95,644,train
4chj,A,4chj_A,124,2.32,377,train
3ulb,A,3ulb_A,102,1.90,223,train
5yhr,A,5yhr_A,92,1.34,231,train
3fez,A,3fez_A,169,2.10,521,train
4dbd,A,4dbd_A,210,1.70,719,train
6dm3,A,6dm3_A,108,1.95,310,train
3bch,A,3bch_A,197,2.15,656,train
2ego,A,2ego_A,88,1.80,246,train
1mi8,A,1mi8_A,141,2.00,479,train
2r2i,A,2r2i_A,184,2.00,583,train
8co2,A,8co2_A,76,1.64,214,train
5du4,A,5du4_A,244,1.70,783,test
4jnn,A,4jnn_A,191,2.35,626,train
6vtx,A,6vtx_A,83,2.14,183,val
7exo,A,7exo_A,207,1.75,763,val
1a32,A,1a32_A,85,2.10,215,train
3ghf,A,3ghf_A,100,2.20,235,train
6iew,A,6iew_A,91,1.50,263,train
2p64,A,2p64_A,51,2.50,106,train
2bqq,A,2bqq_A,96,2.20,268,val
3wx4,A,3wx4_A,98,1.90,262,train
5gvr,A,5gvr_A,234,1.50,788,train
5ddv,A,5ddv_A,223,2.30,720,train
8ckg,A,8ckg_A,96,1.71,192,test
1byr,A,1byr_A,152,2.00,517,val
2oqq,A,2oqq_A,42,2.00,96,train
5z11,A,5z11_A,104,2.35,281,val
8u0x,A,8u0x_A,176,1.86,515,train
8yo6,A,8yo6_A,82,1.95,236,train
1xk5,A,1xk5_A,204,2.40,660,train
6h5t,A,6h5t_A,65,1.69,183,train
3m8e,A,3m8e_A,101,2.00,269,test
2go2,A,2go2_A,163,1.87,520,train
1ye8,A,1ye8_A,172,1.40,575,train
7ecq,A,7ecq_A,175,1.38,571,train
1poc,A,1poc_A,134,2.00,413,train
1qw2,A,1qw2_A,102,1.50,292,train
2a90,A,2a90_A,160,2.15,479,val
6az5,A,6az5_A,116,2.20,355,train
7u0v,A,7u0v_A,156,2.45,437,train
3u5v,A,3u5v_A,62,1.70,142,train
4lir,A,4lir_A,80,2.46,229,train
8g9j,A,8g9j_A,201,2.50,712,train
1avy,A,1avy_A,68,1.85,123,test
5l1a,A,5l1a_A,108,2.40,317,test
1wud,A,1wud_A,77,2.20,231,train
4rkg,A,4rkg_A,37,2.50,91,train
5tkz,A,5tkz_A,89,1.53,238,train
1h3l,A,1h3l_A,75,2.38,228,val
1dzf,A,1dzf_A,211,1.90,603,train
9hfj,A,9hfj_A,80,1.40,220,train
1l9l,A,1l9l_A,74,0.92,221,train
7f3n,A,7f3n_A,247,2.35,771,train
1i3a,A,1i3a_A,200,2.15,668,val
9lx1,A,9lx1_A,74,1.25,198,train
1o3u,A,1o3u_A,120,1.75,371,train
2plu,A,2plu_A,172,1.82,587,train
8ag8,A,8ag8_A,106,1.80,309,train
9mxx,A,9mxx_A,149,2.40,423,train
2ibl,A,2ibl_A,108,1.32,221,train
4ae7,A,4ae7_A,186,1.45,591,val
2r01,A,2r01_A,195,1.15,566,train
8ypj,A,8ypj_A,50,1.91,81,val
8qgr,B,8qgr_B,221,2.20,643,test
7r4w,A,7r4w_A,100,2.30,265,train
1an8,A,1an8_A,206,2.40,667,train
3fry,A,3fry_A,73,2.00,121,val
3b4d,A,3b4d_A,80,2.00,235,train
5d23,A,5d23_A,64,1.95,146,train
1y88,A,1y88_A,184,1.85,596,train
3gha,A,3gha_A,186,1.40,635,val
2p4f,A,2p4f_A,193,1.40,620,train
2ob9,A,2ob9_A,107,2.30,299,train
4rwu,A,4rwu_A,81,1.25,234,train
7og7,A,7og7_A,134,1.85,425,train
6tly,A,6tly_A,99,1.80,240,test
2zqm,A,2zqm_A,114,1.90,306,test
4eq3,A,4eq3_A,206,2.00,615,train
2xl4,A,2xl4_A,147,2.30,475,train
6dxr,A,6dxr_A,51,2.00,110,train
3f3h,A,3f3h_A,110,2.10,298,train
2vm5,A,2vm5_A,103,1.80,272,test
6u47,A,6u47_A,34,2.30,71,val
9lns,A,9lns_A,64,1.50,195,train
6wfn,A,6wfn_A,151,1.07,466,train
5h5p,A,5h5p_A,184,2.46,561,train
8ey3,A,8ey3_A,60,1.00,172,train
5zlq,A,5zlq_A,159,2.00,510,test
2x3m,A,2x3m_A,166,1.45,587,train
4hsp,A,4hsp_A,149,2.45,430,val
2cu3,A,2cu3_A,63,1.70,165,train
2dst,A,2dst_A,122,2.00,392,train
6lwz,A,6lwz_A,53,2.20,134,test
2xrh,A,2xrh_A,100,1.50,266,train
7ykm,A,7ykm_A,81,1.50,229,train
5um3,A,5um3_A,72,1.20,204,val
2fup,A,2fup_A,128,1.48,411,test
3i7t,A,3i7t_A,118,1.93,350,train
1sv4,A,1sv4_A,78,2.15,221,train
4exo,A,4exo_A,146,1.90,477,train
6aw0,A,6aw0_A,108,2.43,322,train
3vfz,A,3vfz_A,62,1.90,175,train
4y6w,A,4y6w_A,211,1.59,653,train
3i35,A,3i35_A,57,1.40,166,train
3syy,A,3syy_A,194,1.90,611,train
6o6n,A,6o6n_A,195,1.70,595,train
1aly,A,1aly_A,146,2.00,457,train
4b4y,A,4b4y_A,149,2.30,448,train
3nrw,A,3nrw_A,104,1.70,326,val
1rfy,A,1rfy_A,89,1.60,241,train
7roa,A,7roa_A,117,1.82,373,train
6jui,A,6jui_A,102,2.40,274,train
8k8f,A,8k8f_A,179,1.45,595,train
5emi,A,5emi_A,180,1.12,629,train
2d9r,A,2d9r_A,85,2.01,240,train
6hfo,A,6hfo_A,154,1.65,465,train
2ebg,A,2ebg_A,106,1.80,264,train
4ltd,A,4ltd_A,187,2.19,600,train
7qwb,E,7qwb_E,30,1.64,57,val
4k80,A,4k80_A,209,2.05,690,train
3fk8,A,3fk8_A,131,1.30,417,val
1uhn,A,1uhn_A,189,2.10,607,train
2xp1,A,2xp1_A,175,2.20,522,train
4ftf,A,4ftf_A,109,1.48,315,train
5cu9,A,5cu9_A,153,1.48,457,train
1uuy,A,1uuy_A,161,1.45,520,train
6q8j,A,6q8j_A,188,1.80,536,train
3hry,A,3hry_A,67,2.25,137,train
4etr,A,4etr_A,121,2.25,381,train
5z7q,A,5z7q_A,176,1.85,556,train
4r1j,A,4r1j_A,174,1.40,542,train
2dch,X,2dch_X,204,2.06,663,train
2x8x,X,2x8x_X,235,1.97,681,train
3s93,A,3s93_A,80,2.28,213,train
4u13,A,4u13_A,109,2.30,320,train
2j6a,A,2j6a_A,136,1.70,391,test
3faj,A,3faj_A,101,1.70,332,train
4jjh,A,4jjh_A,111,2.25,291,test
3luu,A,3luu_A,89,1.93,252,train
6v4v,A,6v4v_A,143,1.65,401,train
6akp,C,6akp_C,94,2.32,264,train
6hx0,A,6hx0_A,137,1.59,420,train
2qu8,A,2qu8_A,194,2.01,623,train
5muz,A,5muz_A,93,1.78,271,train
2ckk,A,2ckk_A,120,1.45,386,train
4fda,A,4fda_A,243,2.10,773,train
5yrx,A,5yrx_A,71,1.90,187,train
4aiv,A,4aiv_A,113,2.00,338,train
10xg,A,10xg_A,90,1.60,252,train
4kvu,A,4kvu_A,30,1.80,53,train
8bcs,A,8bcs_A,49,2.10,116,train
3elk,A,3elk_A,105,1.70,280,train
6ewn,A,6ewn_A,99,2.29,185,train
9g0l,A,9g0l_A,97,1.90,243,train
2a1i,A,2a1i_A,129,1.90,359,train
4dol,A,4dol_A,207,1.70,676,train
4big,A,4big_A,199,2.27,598,train
1p9g,A,1p9g_A,41,0.84,118,train
4xin,A,4xin_A,114,1.50,340,train
7rxu,A,7rxu_A,134,2.40,385,train
1qde,A,1qde_A,203,2.00,675,train
3eip,A,3eip_A,84,1.80,239,train
7f9k,A,7f9k_A,155,2.18,477,train
3wdn,A,3wdn_A,125,0.86,401,train
4z0o,A,4z0o_A,55,1.57,124,train
3hra,A,3hra_A,199,1.69,683,train
1gz2,A,1gz2_A,139,1.50,423,train
1c81,A,1c81_A,191,2.50,631,test
3u2a,A,3u2a_A,112,1.70,346,train
4gkg,A,4gkg_A,52,1.70,114,train
8wj5,A,8wj5_A,130,2.00,432,train
1wq6,A,1wq6_A,59,2.00,121,train
2inb,A,2inb_A,128,1.60,415,train
5gtx,A,5gtx_A,110,2.28,339,test
1so8,A,1so8_A,208,2.30,652,train
7ea2,B,7ea2_B,107,2.14,246,train
2gvi,A,2gvi_A,201,1.87,595,val
4x8y,A,4x8y_A,112,1.95,334,val
3x30,A,3x30_A,227,1.92,800,train
9e7c,A,9e7c_A,87,1.91,181,train
7dcn,A,7dcn_A,182,1.70,574,train
4hwn,A,4hwn_A,85,2.01,259,train
3c0f,B,3c0f_B,85,1.80,231,train
6elt,A,6elt_A,133,1.35,370,train
6zpb,A,6zpb_A,173,1.72,546,train
2a4o,A,2a4o_A,212,1.55,726,val
4n30,A,4n30_A,182,1.30,586,train
9dlo,a,9dlo_a,158,1.95,493,train
3o46,A,3o46_A,84,1.30,236,train
2wzo,A,2wzo_A,146,1.60,424,train
1h7c,A,1h7c_A,103,1.80,309,train
3ldt,A,3ldt_A,144,2.30,433,train
5hs8,A,5hs8_A,101,2.00,273,train
4bfn,A,4bfn_A,106,1.32,313,train
3l11,A,3l11_A,104,2.12,282,train
1fnj,A,1fnj_A,115,1.90,342,train
3tbm,A,3tbm_A,61,1.80,139,val
6exz,A,6exz_A,69,1.30,199,train
5boi,A,5boi_A,226,1.80,690,train
3cg4,A,3cg4_A,126,1.61,393,test
6q09,A,6q09_A,162,1.75,542,train
7x1k,A,7x1k_A,69,2.39,203,train
6a6c,A,6a6c_A,84,2.05,247,train
3gce,A,3gce_A,104,2.00,320,train
2o30,A,2o30_A,82,1.66,228,train
1lr0,A,1lr0_A,126,1.91,387,train
4d7p,A,4d7p_A,96,2.00,298,train
1pp7,U,1pp7_U,114,2.45,363,test
3mw3,A,3mw3_A,189,2.33,611,train
4upg,A,4upg_A,169,2.10,518,train
6iqo,A,6iqo_A,101,2.11,257,train
2huj,A,2huj_A,125,1.74,413,val
5lq6,A,5lq6_A,184,1.48,607,train
5qhm,A,5qhm_A,164,1.79,508,train
2qrr,A,2qrr_A,97,1.71,283,train
4dad,A,4dad_A,134,2.50,371,train
1grj,A,1grj_A,151,2.20,453,train
3els,A,3els_A,145,1.80,451,train
2vxz,A,2vxz_A,153,1.70,515,test
9ll2,A,9ll2_A,108,1.64,312,train
4jox,A,4jox_A,118,2.15,364,train
3rzv,A,3rzv_A,179,1.67,581,train
3n53,A,3n53_A,117,2.20,364,train
2pmy,A,2pmy_A,73,2.30,207,val
1c44,A,1c44_A,123,1.80,386,train
3bzh,A,3bzh_A,161,1.60,491,val
9cfs,A,9cfs_A,85,1.75,228,train
7ekz,A,7ekz_A,166,1.43,575,train
3w92,A,3w92_A,32,1.35,62,val
4qdj,A,4qdj_A,208,1.60,704,train
6rwt,A,6rwt_A,181,1.42,558,train
2o4t,A,2o4t_A,90,1.95,229,train
1of4,A,1of4_A,171,1.60,578,train
5bpz,A,5bpz_A,140,2.18,422,train
5aq0,A,5aq0_A,81,0.95,232,train
4e0h,A,4e0h_A,105,2.00,311,train
6jo3,A,6jo3_A,247,2.35,857,test
7ah0,A,7ah0_A,104,1.91,286,val
3ibz,A,3ibz_A,177,1.78,579,train
5xvl,A,5xvl_A,130,1.63,404,train
5mwb,A,5mwb_A,118,1.86,305,train
6maa,A,6maa_A,78,1.39,164,train
4lhf,A,4lhf_A,79,2.40,181,train
4n3x,A,4n3x_A,49,2.00,109,test
1f94,A,1f94_A,63,0.97,178,train
8b02,A,8b02_A,95,1.68,264,train
7yey,A,7yey_A,162,1.85,491,train
9ltx,A,9ltx_A,206,1.99,655,val
3jzz,A,3jzz_A,148,1.60,489,val
2du9,A,2du9_A,116,2.28,316,train
7y5m,A,7y5m_A,155,1.50,505,train
6qpj,A,6qpj_A,133,2.31,390,train
2hje,A,2hje_A,210,1.70,663,train
4uot,A,4uot_A,34,1.69,63,train
1pdn,C,1pdn_C,123,2.50,271,train
5zoh,A,5zoh_A,174,1.60,540,train
1ubd,C,1ubd_C,114,2.50,255,train
6fxf,A,6fxf_A,65,2.05,188,train
4whe,A,4whe_A,137,1.80,394,test
7nfk,A,7nfk_A,30,1.30,53,train
2ce6,A,2ce6_A,100,2.40,299,train
2hjn,A,2hjn_A,206,2.00,670,test
3bwz,A,3bwz_A,171,1.20,537,train
4mtu,A,4mtu_A,143,0.97,443,train
9isw,A,9isw_A,209,1.86,703,test
2hcm,A,2hcm_A,159,2.00,517,train
4u4h,A,4u4h_A,198,2.05,640,train
3foj,A,3foj_A,100,1.60,276,val
8a3g,A,8a3g_A,32,0.96,60,train
3zbd,A,3zbd_A,110,1.49,316,train
1u3g,A,1u3g_A,164,2.50,526,train
4g97,A,4g97_A,243,2.05,804,test
3ju3,A,3ju3_A,116,1.90,265,val
3bod,A,3bod_A,178,1.70,584,train
7mrj,A,7mrj_A,85,2.12,236,train
3cn5,A,3cn5_A,237,2.05,858,train
5jx4,A,5jx4_A,65,1.80,178,train
2ptm,A,2ptm_A,192,1.93,590,train
6v4m,A,6v4m_A,163,1.60,551,test
8ju8,A,8ju8_A,139,1.85,412,train
4wyh,A,4wyh_A,99,1.95,330,train
1spx,A,1spx_A,237,2.10,787,train
6emt,A,6emt_A,167,1.79,525,test
1ym3,A,1ym3_A,193,1.75,613,test
9dee,A,9dee_A,159,1.21,543,train
3df8,A,3df8_A,109,1.65,295,test
3ff2,A,3ff2_A,117,1.90,370,train
2sfa,A,2sfa_A,191,1.60,694,train
2x5y,A,2x5y_A,171,1.05,567,train
7sev,A,7sev_A,211,2.30,653,train
3hmc,A,3hmc_A,189,1.44,633,train
1jo0,A,1jo0_A,97,1.37,273,train
7clx,A,7clx_A,180,1.50,501,train
3t7y,A,3t7y_A,94,2.10,300,test
3msw,A,3msw_A,139,1.90,341,train
5trb,A,5trb_A,69,1.80,182,train
4qy7,A,4qy7_A,93,1.55,254,train
6zc2,A,6zc2_A,137,1.13,425,train
2wno,A,2wno_A,119,2.30,379,train
8btx,A,8btx_A,158,1.84,532,train
5zne,A,5zne_A,73,1.78,214,train
6ao9,A,6ao9_A,171,1.13,556,train
3a7s,A,3a7s_A,204,2.20,664,val
3d6t,B,3d6t_B,125,2.43,300,train
7rgw,A,7rgw_A,141,1.99,444,train
2qjc,A,2qjc_A,222,2.05,742,train
7kzw,A,7kzw_A,128,1.34,384,train
3soe,A,3soe_A,101,1.60,300,train
7auf,A,7auf_A,89,1.76,272,train
1xgw,A,1xgw_A,136,1.90,456,train
2qf5,A,2qf5_A,158,2.23,520,train
8b2g,A,8b2g_A,74,1.50,218,train
9d8a,A,9d8a_A,172,1.65,523,train
1j55,A,1j55_A,88,2.00,231,train
6x9z,A,6x9z_A,120,2.05,387,train
3vgp,A,3vgp_A,163,1.75,514,train
4m3l,A,4m3l_A,60,2.10,138,train
4hp9,A,4hp9_A,119,2.12,357,train
1y66,A,1y66_A,50,1.65,115,train
5u75,A,5u75_A,144,1.66,463,train
2qjd,A,2qjd_A,109,2.44,317,val
1jer,A,1jer_A,110,1.60,303,train
2w7r,A,2w7r_A,95,1.60,232,val
3cje,A,3cje_A,150,1.70,419,train
5ezu,A,5ezu_A,76,1.55,188,train
5eka,A,5eka_A,85,1.69,187,train
2rae,A,2rae_A,193,2.20,592,train
7nbv,A,7nbv_A,131,1.87,375,train
1wv8,A,1wv8_A,71,2.20,168,train
8a3k,UNK,8a3k_UNK,127,2.00,385,train
3s01,A,3s01_A,209,2.15,673,val
2hba,A,2hba_A,52,1.25,145,train
3fp5,A,3fp5_A,106,1.61,311,val
28oj,A,28oj_A,87,2.12,274,test
3vbc,A,3vbc_A,136,1.80,422,train
5b7c,A,5b7c_A,206,2.35,682,train
4mgq,A,4mgq_A,159,1.68,492,train
2aj6,A,2aj6_A,120,1.63,353,val
2cvb,A,2cvb_A,187,1.80,614,train
3c8u,A,3c8u_A,207,1.95,658,train
1j0r,A,1j0r_A,114,2.50,328,train
3k9g,A,3k9g_A,226,2.25,714,train
1wba,A,1wba_A,171,1.80,552,train
6swk,A,6swk_A,203,1.74,611,train
3l1b,A,3l1b_A,216,1.90,709,train
1klo,A,1klo_A,162,2.10,470,train
4mnn,A,4mnn_A,165,1.80,500,train
4glk,A,4glk_A,165,2.16,518,train
1xd7,A,1xd7_A,116,2.30,316,train
1i39,A,1i39_A,200,1.95,647,test
2xws,A,2xws_A,126,1.60,373,train
3lqh,A,3lqh_A,174,1.72,525,train
1hxn,A,1hxn_A,210,1.80,637,train
7sao,A,7sao_A,38,1.77,77,train
8ehc,A,8ehc_A,96,2.00,269,train
7dvn,A,7dvn_A,135,1.60,369,test
5naz,A,5naz_A,226,1.85,738,train
1ue1,A,1ue1_A,113,2.50,262,train
2yqy,A,2yqy_A,127,2.00,391,train
4xqm,A,4xqm_A,94,1.62,276,train
4yhv,A,4yhv_A,135,2.00,414,train
4aaj,A,4aaj_A,200,1.75,667,train
1hpt,A,1hpt_A,56,2.30,152,val
4qxl,A,4qxl_A,115,1.51,342,train
5lnn,A,5lnn_A,149,1.60,479,train
2y6x,A,2y6x_A,109,1.60,329,train
7nuv,A,7nuv_A,76,1.76,151,train
1r75,A,1r75_A,110,1.86,327,train
8sp7,A,8sp7_A,234,1.83,795,train
3s6f,A,3s6f_A,143,1.19,370,train
9v4l,A,9v4l_A,68,1.30,215,test
1sfp,A,1sfp_A,111,1.90,347,train
3wz3,A,3wz3_A,137,1.50,433,train
8ju7,A,8ju7_A,104,1.80,288,train
3ck2,A,3ck2_A,174,2.30,596,train
8ito,A,8ito_A,73,2.10,198,train
3cbg,A,3cbg_A,218,2.00,713,train
5lu3,A,5lu3_A,88,1.50,266,train
6gbi,A,6gbi_A,104,1.25,291,train
2gff,A,2gff_A,97,1.75,280,train
1x3x,A,1x3x_A,82,1.80,235,val
1moh,A,1moh_A,142,1.90,429,train
1z27,A,1z27_A,175,2.08,505,train
5wlf,A,5wlf_A,60,1.40,137,train
8ov0,A,8ov0_A,110,1.70,303,val
2qup,A,2qup_A,119,2.00,361,train
3bw1,A,3bw1_A,86,2.50,208,test
2ze5,A,2ze5_A,227,2.31,733,val
7kcg,A,7kcg_A,143,1.87,460,train
5oc0,A,5oc0_A,174,1.97,520,train
2bh8,A,2bh8_A,85,1.90,139,train
2al7,A,2al7_A,155,1.85,513,train
5b5i,A,5b5i_A,67,1.60,160,train
3q69,A,3q69_A,105,2.40,273,train
1zx3,A,1zx3_A,86,2.50,201,val
6v6v,A,6v6v_A,179,1.40,542,test
2ef8,A,2ef8_A,84,1.95,243,val
6g6b,A,6g6b_A,30,2.30,58,train
4dog,A,4dog_A,215,2.30,686,train
2q8v,A,2q8v_A,53,2.50,98,train
1fvg,A,1fvg_A,192,1.60,655,train
3p4l,A,3p4l_A,198,1.80,610,train
6u6n,C,6u6n_C,125,2.15,381,train
2h5f,A,2h5f_A,75,1.90,189,train
7c5z,A,7c5z_A,85,1.50,208,train
4bso,A,4bso_A,97,2.20,252,train
2yzy,A,2yzy_A,163,1.60,471,train
3mse,B,3mse_B,168,2.10,467,test
1qsd,A,1qsd_A,102,2.20,278,train
7eez,A,7eez_A,138,1.90,403,train
3b33,A,3b33_A,109,1.83,329,train
3e3v,A,3e3v_A,154,2.04,467,train
3zih,A,3zih_A,79,2.00,210,test
2yz8,A,2yz8_A,90,2.00,257,train
3r0r,A,3r0r_A,194,2.35,568,train
6h6n,A,6h6n_A,126,2.12,335,val
3le4,A,3le4_A,55,1.70,98,train
1fuk,A,1fuk_A,157,1.75,505,val
3cou,A,3cou_A,180,1.80,559,train
4hlb,A,4hlb_A,95,1.80,284,train
2oo2,A,2oo2_A,76,1.80,257,train
1rgp,A,1rgp_A,189,2.00,602,train
7uxg,A,7uxg_A,239,2.24,806,train
1gr3,A,1gr3_A,132,2.00,424,train
1lbu,A,1lbu_A,213,1.80,692,train
4n7d,A,4n7d_A,172,2.10,557,train
7e3t,A,7e3t_A,174,2.10,483,train
3di5,A,3di5_A,150,2.01,486,train
2dgc,A,2dgc_A,49,2.20,110,train
3iqb,A,3iqb_A,188,2.10,586,train
6s5f,A,6s5f_A,188,1.70,627,train
3k6t,A,3k6t_A,54,2.04,133,train
2q9r,A,2q9r_A,196,1.91,633,val
4atg,A,4atg_A,195,1.89,654,val
6vhf,A,6vhf_A,140,2.31,400,test
2bti,A,2bti_A,59,2.00,97,test
3ign,A,3ign_A,166,1.83,554,train
8y7v,A,8y7v_A,206,1.60,656,train
2hj1,A,2hj1_A,77,2.10,119,train
4qo6,A,4qo6_A,209,2.26,590,train
1yzv,A,1yzv_A,195,2.00,684,val
3uh8,A,3uh8_A,118,2.30,340,train
7msl,A,7msl_A,88,1.73,211,train
5syb,A,5syb_A,90,1.82,245,train
3d1p,A,3d1p_A,120,0.98,363,train
5ydn,A,5ydn_A,109,1.60,329,train
4l83,A,4l83_A,165,1.70,536,train
7rge,A,7rge_A,203,2.38,608,test
8jvz,A,8jvz_A,50,1.89,123,train
3la9,A,3la9_A,167,2.05,377,train
2qip,A,2qip_A,162,1.48,480,train
3eke,A,3eke_A,171,2.10,551,train
5u5b,A,5u5b_A,30,2.40,56,train
1vjk,A,1vjk_A,88,1.51,268,train
3qwg,A,3qwg_A,93,1.99,266,train
9mrf,A,9mrf_A,31,2.00,68,train
2hgv,A,2hgv_A,155,2.30,499,train
4dzm,A,4dzm_A,31,1.94,66,train
3e2i,A,3e2i_A,175,2.01,539,train
6i1m,A,6i1m_A,93,1.60,262,train
4bbq,A,4bbq_A,111,2.24,275,train
1ylx,A,1ylx_A,100,1.60,293,train
7y7o,A,7y7o_A,147,1.90,485,train
1ash,A,1ash_A,147,2.15,457,val
3eus,A,3eus_A,85,1.80,261,train
5lw6,A,5lw6_A,221,1.80,738,train
2wa0,A,2wa0_A,214,2.30,661,train
9jm2,B,9jm2_B,69,2.00,197,train
5kdg,A,5kdg_A,186,1.73,531,train
1whz,A,1whz_A,70,1.52,192,train
1sjw,A,1sjw_A,142,1.35,431,train
9j1o,C,9j1o_C,95,2.23,265,train
4evx,A,4evx_A,97,1.70,255,train
1whi,A,1whi_A,122,1.50,364,train
4gv5,A,4gv5_A,42,1.70,116,train
3e97,A,3e97_A,222,1.86,692,train
3cp3,A,3cp3_A,127,2.00,365,train
3nxc,A,3nxc_A,177,2.50,565,test
5zxe,A,5zxe_A,130,1.30,412,train
3r3k,A,3r3k_A,31,2.20,57,train
3c4s,A,3c4s_A,57,1.70,144,train
2fb6,A,2fb6_A,116,1.46,373,train
4flb,A,4flb_A,131,1.80,435,train
6u97,A,6u97_A,82,1.13,219,train
1jh7,A,1jh7_A,185,2.40,561,train
3lmf,A,3lmf_A,109,2.30,376,train
1r1m,A,1r1m_A,140,1.90,429,train
1kw4,A,1kw4_A,70,1.75,202,train
1jk6,A,1jk6_A,80,2.40,234,train
3fyr,A,3fyr_A,38,1.97,95,train
3k8u,A,3k8u_A,137,1.90,430,train
1xzz,A,1xzz_A,216,1.80,702,train
2h3l,A,2h3l_A,103,1.00,277,train
3vyx,A,3vyx_A,95,2.29,274,train
6u2u,A,6u2u_A,46,1.50,96,train
1cpm,A,1cpm_A,214,2.00,732,train
1uso,A,1uso_A,78,1.30,239,train
2gsv,A,2gsv_A,67,1.90,191,train
4pjr,A,4pjr_A,175,2.00,573,train
2r5f,A,2r5f_A,218,2.10,732,val
2o72,A,2o72_A,213,2.00,640,val
4l8l,A,4l8l_A,138,1.74,445,train
2vvd,A,2vvd_A,162,2.26,538,train
2gl2,A,2gl2_A,103,2.50,271,val
2x5t,A,2x5t_A,93,2.20,251,train
1jos,A,1jos_A,100,1.70,273,train
3c3h,A,3c3h_A,34,2.20,64,train
7ad5,A,7ad5_A,124,2.14,368,train
3r3p,A,3r3p_A,97,2.20,272,val
3uc9,A,3uc9_A,180,1.80,553,val
4f2l,A,4f2l_A,61,1.50,151,train
4of0,A,4of0_A,230,2.30,732,train
6ry3,A,6ry3_A,65,1.37,171,test
3jt0,A,3jt0_A,107,2.39,312,train
1r1g,A,1r1g_A,31,1.72,77,train
4k7b,A,4k7b_A,111,1.55,322,train
8xuw,A,8xuw_A,112,1.58,324,train
1jhj,A,1jhj_A,161,1.60,524,train
3neu,A,3neu_A,119,1.58,317,train
4hf0,A,4hf0_A,120,1.90,354,train
1dfu,P,1dfu_P,94,1.80,275,train
1a92,A,1a92_A,50,1.80,120,val
2eve,A,2eve_A,149,1.60,467,train
1rie,A,1rie_A,127,1.50,410,train
4epz,A,4epz_A,154,1.68,481,train
5kaz,A,5kaz_A,103,1.70,296,train
2p3h,A,2p3h_A,98,1.80,291,train
1gky,A,1gky_A,187,2.00,555,train
2v81,A,2v81_A,206,2.40,687,test
8k6q,B,8k6q_B,57,1.59,109,train
5ube,A,5ube_A,116,2.00,336,train
4h89,A,4h89_A,168,1.37,528,test
4m9o,A,4m9o_A,97,2.14,268,train
3kma,A,3kma_A,105,1.60,316,train
3g1j,A,3g1j_A,90,1.70,273,train
2j5a,A,2j5a_A,106,2.30,310,train
6o5w,A,6o5w_A,57,1.41,138,train
8vni,A,8vni_A,193,1.57,617,val
8qry,A,8qry_A,96,1.87,267,train
2gf4,A,2gf4_A,89,2.07,233,val
4q63,A,4q63_A,93,1.95,274,test
3v4g,A,3v4g_A,145,1.60,450,train
4krr,A,4krr_A,194,2.12,571,train
1j5p,A,1j5p_A,235,1.90,704,train
6p0q,A,6p0q_A,93,1.72,239,train
2ejx,A,2ejx_A,134,1.79,449,train
3bl4,A,3bl4_A,120,2.20,262,train
4ou0,A,4ou0_A,66,1.40,180,train
3g7p,A,3g7p_A,145,2.00,448,val
2oq5,A,2oq5_A,232,1.61,781,train
3fcn,A,3fcn_A,158,1.45,476,test
2f9f,A,2f9f_A,166,1.80,546,train
3lod,A,3lod_A,145,2.50,438,train
6n0s,A,6n0s_A,181,1.92,590,train
6vgv,A,6vgv_A,145,1.65,503,val
3ou2,A,3ou2_A,204,1.50,663,train
6sm4,A,6sm4_A,78,1.85,230,train
2pw6,A,2pw6_A,244,2.27,841,train
4pxj,A,4pxj_A,56,2.06,113,train
4s1p,A,4s1p_A,184,1.45,636,train
6sjq,A,6sjq_A,115,1.60,321,train
1q8c,A,1q8c_A,132,2.00,401,test
5u5c,A,5u5c_A,30,2.10,59,train
3h5i,A,3h5i_A,125,1.90,383,train
9f80,A,9f80_A,243,2.03,811,train
4ldg,A,4ldg_A,216,2.31,670,train
4r55,A,4r55_A,53,1.80,136,test
7baw,A,7baw_A,31,1.71,58,train
3d4e,A,3d4e_A,162,1.40,506,train
7t91,A,7t91_A,67,2.05,138,train
3uaf,A,3uaf_A,117,2.01,332,val
3gb5,A,3gb5_A,185,2.00,503,train
9kj9,A,9kj9_A,85,2.39,243,train
2x27,X,2x27_X,209,2.40,735,train
8gkv,A,8gkv_A,44,2.35,107,test
3pvh,A,3pvh_A,153,1.60,510,train
4i86,A,4i86_A,102,2.10,301,train
1rfe,A,1rfe_A,160,2.00,475,train
1bqs,A,1bqs_A,209,2.20,593,train
2wc9,A,2wc9_A,177,2.50,557,val
3dew,A,3dew_A,192,1.75,607,train
7rts,A,7rts_A,163,1.74,541,train
1wq8,A,1wq8_A,100,1.90,254,val
6gu1,A,6gu1_A,55,1.70,114,train
6w4l,A,6w4l_A,176,1.31,612,train
3f5b,A,3f5b_A,172,2.00,547,train
3llv,A,3llv_A,133,1.70,387,train
4m0n,A,4m0n_A,212,1.65,693,train
2hj3,A,2hj3_A,101,2.50,291,train
5yed,A,5yed_A,130,1.60,424,train
2p4p,A,2p4p_A,84,1.80,229,train
2eby,A,2eby_A,102,2.25,276,val
9iuw,A,9iuw_A,212,1.78,709,train
7qrz,A,7qrz_A,171,1.57,551,val
4kdw,A,4kdw_A,102,1.35,309,val
1y0n,A,1y0n_A,71,2.00,181,test
3ce7,A,3ce7_A,90,1.64,270,train
1fb8,A,1fb8_A,106,2.40,289,train
3f14,A,3f14_A,112,1.45,340,train
6pce,A,6pce_A,60,1.65,163,train
5b6q,A,5b6q_A,76,1.78,216,train
1vq2,A,1vq2_A,173,2.20,550,train
5i0c,A,5i0c_A,89,1.92,262,train
2yvi,A,2yvi_A,89,1.92,260,train
4avr,A,4avr_A,95,1.08,295,val
3rlk,A,3rlk_A,183,1.76,550,train
1khc,A,1khc_A,137,1.80,413,val
5zxa,A,5zxa_A,161,1.77,501,train
4jwg,A,4jwg_A,187,2.50,586,train
2qai,A,2qai_A,91,2.40,243,train
7xhs,A,7xhs_A,93,2.11,247,train
3f22,A,3f22_A,65,2.50,202,train
2hxx,A,2hxx_A,89,2.00,262,train
6jl3,A,6jl3_A,74,1.30,213,train
4x44,A,4x44_A,177,2.05,583,train
1aoa,A,1aoa_A,247,2.40,766,train
7nff,A,7nff_A,31,1.55,54,train
5ngn,A,5ngn_A,32,1.48,87,train
2x1b,A,2x1b_A,87,1.80,262,train
8yt7,A,8yt7_A,189,2.25,632,test
2yx8,A,2yx8_A,81,2.40,239,train
4m4z,A,4m4z_A,152,2.10,460,train
1sbx,A,1sbx_A,106,1.65,301,train
5k5i,A,5k5i_A,113,2.19,262,test
3hwu,A,3hwu_A,144,1.30,447,test
3f5h,A,3f5h_A,54,1.75,116,train
3b84,A,3b84_A,113,1.74,320,train
4rj9,A,4rj9_A,161,1.63,489,train
8v4w,A,8v4w_A,207,1.40,654,train
1wlf,A,1wlf_A,164,2.05,492,train
4pya,A,4pya_A,124,1.79,386,train
5f70,A,5f70_A,103,1.80,311,train
7ezn,A,7ezn_A,175,1.80,596,train
6kxt,A,6kxt_A,144,1.25,393,train
1ig7,A,1ig7_A,58,2.20,159,train
1vm0,A,1vm0_A,93,1.80,270,train
6bk4,A,6bk4_A,106,1.80,311,test
9tet,A,9tet_A,127,1.88,320,train
1wt6,A,1wt6_A,65,1.60,137,train
1u5f,A,1u5f_A,119,1.90,343,train
4pzi,A,4pzi_A,61,2.15,129,test
3oon,A,3oon_A,113,1.79,359,test
6wi6,A,6wi6_A,58,1.80,162,train
7yw3,A,7yw3_A,205,2.50,625,train
1dp7,P,1dp7_P,76,1.50,211,train
1p3c,A,1p3c_A,215,1.50,774,test
1tuc,A,1tuc_A,61,2.02,159,val
3wwl,A,3wwl_A,54,1.20,140,train
3d79,A,3d79_A,167,1.73,555,train
2au5,A,2au5_A,129,2.10,376,train
3laz,A,3laz_A,96,1.92,257,train
3bn6,A,3bn6_A,158,1.67,529,val
4zc3,A,4zc3_A,57,1.40,160,train
1un2,A,1un2_A,186,2.40,596,train
4k9z,A,4k9z_A,141,1.80,445,val
3e8v,A,3e8v_A,82,2.40,244,train
3thg,A,3thg_A,99,1.88,267,train
4r7r,A,4r7r_A,122,2.45,367,train
8tto,A,8tto_A,42,2.00,76,test
1ly2,A,1ly2_A,130,1.80,361,train
1ee6,A,1ee6_A,197,2.30,686,train
6vik,B,6vik_B,173,1.70,509,train
5fey,A,5fey_A,78,2.23,184,train
3wup,A,3wup_A,31,1.60,69,train
3bt4,A,3bt4_A,85,2.10,203,train
4nkj,A,4nkj_A,142,2.45,335,train
5juh,A,5juh_A,137,1.35,404,val
1v1q,A,1v1q_A,111,2.10,275,train
4h3o,A,4h3o_A,105,2.17,314,train
2h09,A,2h09_A,127,2.10,367,train
3h13,A,3h13_A,208,2.20,687,train
1vh6,A,1vh6_A,102,2.50,261,test
1dm9,A,1dm9_A,104,2.00,311,train
5ugw,A,5ugw_A,158,2.31,464,train
3boi,A,3boi_A,81,1.00,289,val
2nz7,A,2nz7_A,93,1.90,265,train
6e6n,A,6e6n_A,38,1.36,103,train
8oqj,A,8oqj_A,54,1.64,134,val
2ipq,X,2ipq_X,121,2.20,380,train
5x7f,A,5x7f_A,198,2.00,653,train
2p1w,A,2p1w_A,203,2.30,677,train
4lqe,A,4lqe_A,149,2.10,409,train
4fd9,A,4fd9_A,92,1.86,281,train
2ou6,A,2ou6_A,183,1.80,578,train
1g1c,A,1g1c_A,98,2.10,303,train
2c62,A,2c62_A,66,1.74,157,train
5jg9,A,5jg9_A,46,2.09,126,train
3h4q,A,3h4q_A,145,2.50,452,train
9u8o,A,9u8o_A,95,1.71,282,train
3q5t,A,3q5t_A,238,2.00,751,train
3ajw,A,3ajw_A,134,2.10,375,train
1fqi,A,1fqi_A,138,1.94,432,train
8h70,A,8h70_A,124,1.88,386,train
5hal,A,5hal_A,103,2.15,291,val
4me2,A,4me2_A,194,1.60,612,val
7t7y,A,7t7y_A,154,1.81,521,train
3cp0,A,3cp0_A,63,1.65,190,test
3ira,A,3ira_A,172,2.10,615,train
1l3p,A,1l3p_A,102,1.98,316,train
4pqz,A,4pqz_A,136,2.30,425,train
2qsj,A,2qsj_A,120,2.10,363,train
1t1v,A,1t1v_A,93,1.60,269,train
1jid,A,1jid_A,114,1.80,317,train
4pke,A,4pke_A,211,2.50,625,train
1roc,A,1roc_A,155,1.50,453,train
3ihw,A,3ihw_A,167,1.92,547,train
3ios,A,3ios_A,134,1.60,435,train
9vyb,A,9vyb_A,51,2.12,52,val
4wxd,A,4wxd_A,165,2.30,462,train
7sap,A,7sap_A,33,1.79,77,train
8tlb,A,8tlb_A,214,1.90,706,train
8qj6,A,8qj6_A,64,1.55,162,train
3bpu,A,3bpu_A,86,1.60,238,train
5yaz,A,5yaz_A,240,1.90,810,train
3ega,A,3ega_A,219,1.80,689,train
2ict,A,2ict_A,94,1.63,232,train
4owi,A,4owi_A,33,1.20,71,train
4z8e,A,4z8e_A,59,2.09,110,train
3msz,A,3msz_A,86,2.05,244,val
2i88,A,2i88_A,178,2.50,573,test
5wy0,A,5wy0_A,199,2.00,614,train
5hrz,A,5hrz_A,122,2.15,382,train
4gs3,A,4gs3_A,90,1.09,235,train
8ard,A,8ard_A,62,2.22,128,train
3bja,A,3bja_A,139,2.38,365,train
7wa9,A,7wa9_A,144,1.90,455,val
9bye,A,9bye_A,163,1.75,546,train
7fao,A,7fao_A,96,1.43,291,train
2vsv,A,2vsv_A,97,1.82,289,train
5nsg,A,5nsg_A,206,2.22,615,train
2ew0,A,2ew0_A,175,1.40,552,train
2dyi,A,2dyi_A,162,2.00,477,train
1evs,A,1evs_A,163,2.20,511,train
2ijl,A,2ijl_A,110,2.30,302,train
4hqa,A,4hqa_A,110,1.96,353,train
2q9k,A,2q9k_A,147,1.59,416,train
2v7s,A,2v7s_A,169,1.96,521,train
5u2l,A,5u2l_A,150,1.66,476,test
4fvf,A,4fvf_A,115,2.46,346,train
5eid,A,5eid_A,123,2.00,405,train
2w6l,A,2w6l_A,137,1.89,446,train
3q6b,A,3q6b_A,155,1.50,450,val
1xt0,B,1xt0_B,203,2.16,644,train
3fao,A,3fao_A,192,2.01,643,test
1ukf,A,1ukf_A,188,1.35,639,test
2xse,A,2xse_A,161,1.90,516,val
2i7r,A,2i7r_A,115,2.20,311,val
7dnp,A,7dnp_A,174,2.00,565,train
7yv4,A,7yv4_A,202,1.58,670,train
5dma,A,5dma_A,53,1.53,145,test
6fzz,A,6fzz_A,199,2.05,678,train
5u59,A,5u59_A,30,2.20,59,train
1hkf,A,1hkf_A,108,2.20,314,train
2z51,A,2z51_A,154,1.35,457,train
9vp8,A,9vp8_A,129,1.92,375,train
1o4v,A,1o4v_A,169,1.77,531,train
1neu,A,1neu_A,115,1.90,328,train
3d22,A,3d22_A,129,1.60,423,train
3ifu,A,3ifu_A,175,2.42,534,train
4i1l,A,4i1l_A,62,2.10,133,train
4g08,A,4g08_A,140,1.80,422,val
3noh,A,3noh_A,123,1.60,363,train
5zbf,A,5zbf_A,210,1.60,702,train
3piw,A,3piw_A,154,1.49,483,train
1io3,A,1io3_A,107,1.90,301,train
7kua,A,7kua_A,149,1.89,419,train
6mos,A,6mos_A,89,1.80,264,train
1y0u,A,1y0u_A,89,1.60,252,train
5xef,A,5xef_A,123,2.00,353,train
1ayi,A,1ayi_A,86,2.00,239,train
1mkh,A,1mkh_A,106,2.01,277,train
2w8x,A,2w8x_A,72,1.60,215,train
2xcj,A,2xcj_A,84,1.80,247,train
3kt9,A,3kt9_A,102,1.65,321,train
3qo4,A,3qo4_A,163,2.20,463,train
4xxl,A,4xxl_A,92,1.47,242,train
7eif,A,7eif_A,132,1.58,394,train
5wk0,A,5wk0_A,156,1.33,486,train
5zkn,A,5zkn_A,225,2.21,731,val
4cvd,A,4cvd_A,48,1.67,116,train
6vz6,A,6vz6_A,77,2.10,205,train
5yhh,A,5yhh_A,195,2.00,662,val
9kgz,A,9kgz_A,125,1.80,388,train
9vgj,A,9vgj_A,116,1.30,346,train
6lvo,A,6lvo_A,237,2.36,804,train
4gei,A,4gei_A,144,1.50,410,train
3dml,A,3dml_A,96,1.90,292,train
7vp2,B,7vp2_B,58,1.92,103,train
7q1r,A,7q1r_A,31,1.08,64,train
6zpk,A,6zpk_A,158,1.57,456,val
1gmx,A,1gmx_A,108,1.10,340,train
2r0x,A,2r0x_A,156,1.06,496,train
3ups,A,3ups_A,108,1.75,335,train
3oms,A,3oms_A,129,1.90,380,test
6xau,A,6xau_A,119,1.89,354,train
4zey,A,4zey_A,84,1.50,232,train
3fni,A,3fni_A,154,2.30,472,train
1njh,A,1njh_A,108,1.70,320,train
1ysp,A,1ysp_A,164,1.80,575,train
2oso,A,2oso_A,157,1.90,438,train
1yoy,A,1yoy_A,146,2.00,440,train
3s8s,A,3s8s_A,107,1.30,331,train
6bt4,A,6bt4_A,165,2.31,498,val
3r6a,A,3r6a_A,118,1.76,344,val
1j1v,A,1j1v_A,94,2.10,305,train
1rh4,A,1rh4_A,35,1.90,71,train
6s9r,A,6s9r_A,60,2.40,137,train
3sm3,A,3sm3_A,212,2.20,692,train
5yyx,A,5yyx_A,120,1.68,365,train
8vjn,A,8vjn_A,52,2.31,130,train
1gv5,A,1gv5_A,52,1.58,139,train
2zw2,A,2zw2_A,85,1.55,223,val
1hyp,A,1hyp_A,75,1.80,197,train
27rq,A,27rq_A,74,1.75,231,train
4noa,A,4noa_A,108,1.25,333,train
3zrg,A,3zrg_A,66,1.75,165,train
8hm1,A,8hm1_A,77,1.29,220,train
3f2z,A,3f2z_A,149,1.30,498,train
5c82,A,5c82_A,170,2.20,484,train
9c14,A,9c14_A,97,1.60,279,val
7sgp,A,7sgp_A,102,2.10,311,train
1t3j,A,1t3j_A,62,2.50,146,train
7y19,A,7y19_A,132,2.39,389,val
1jnx,X,1jnx_X,207,2.50,649,train
5uqp,A,5uqp_A,110,2.40,260,train
5bum,A,5bum_A,49,2.50,121,train
3kp8,A,3kp8_A,94,1.66,285,train
4evu,A,4evu_A,65,1.45,185,train
6jl9,A,6jl9_A,189,2.00,492,train
1s29,A,1s29_A,92,1.60,257,train
2vqc,A,2vqc_A,70,2.30,198,train
1w8i,A,1w8i_A,155,2.10,498,val
4z2x,A,4z2x_A,104,2.15,316,train
5m4s,A,5m4s_A,209,2.38,655,test
7c8n,A,7c8n_A,127,1.50,395,train
6t4d,A,6t4d_A,202,2.14,669,train
3dwd,A,3dwd_A,116,2.40,362,train
1zuu,A,1zuu_A,56,0.97,159,train
7nzq,AAA,7nzq_AAA,178,1.57,605,train
3cw3,A,3cw3_A,93,1.88,264,train
1sqw,A,1sqw_A,176,1.90,550,train
2eh1,A,2eh1_A,88,2.25,265,train
6nif,A,6nif_A,212,2.00,664,train
3qdp,A,3qdp_A,88,2.15,263,train
4zuy,A,4zuy_A,96,1.95,263,train
7viv,A,7viv_A,72,2.00,203,train
6ahp,A,6ahp_A,110,2.10,325,test
3rdr,A,3rdr_A,153,2.20,493,train
2j85,A,2j85_A,118,2.39,347,train
2qyz,A,2qyz_A,127,2.04,327,train
1wy6,A,1wy6_A,159,2.20,518,train
5z6e,A,5z6e_A,90,1.86,285,val
2b8i,A,2b8i_A,77,1.80,231,test
3aci,A,3aci_A,193,1.60,636,test
9ifr,A,9ifr_A,123,1.77,386,train
5oj8,A,5oj8_A,210,2.25,691,train
2yj3,A,2yj3_A,236,2.20,699,val
3h95,A,3h95_A,161,1.70,499,test
1vpz,A,1vpz_A,57,2.05,90,train
10xh,A,10xh_A,90,1.90,272,train
5eoj,A,5eoj_A,31,2.12,60,train
3t4r,A,3t4r_A,72,2.00,203,train
1u7o,A,1u7o_A,163,1.90,535,train
3iv4,A,3iv4_A,112,1.50,361,train
4nj8,A,4nj8_A,67,1.60,178,train
2icg,A,2icg_A,159,1.65,535,train
6ije,B,6ije_B,100,1.55,294,train
4rgi,A,4rgi_A,71,1.73,206,train
3pr1,A,3pr1_A,172,2.30,556,test
6ptl,A,6ptl_A,142,2.50,431,val
6v98,A,6v98_A,183,1.80,612,train
3rj2,X,3rj2_X,133,2.20,416,train
2efv,A,2efv_A,82,1.90,236,test
5xpw,A,5xpw_A,180,2.00,535,train
4hkg,A,4hkg_A,80,1.30,238,val
7wbo,A,7wbo_A,193,1.60,642,train
4rqa,A,4rqa_A,176,1.48,574,test
3k6f,A,3k6f_A,100,1.81,293,test
3erb,A,3erb_A,188,1.80,561,train
8aii,A,8aii_A,181,1.82,559,train
4v1k,A,4v1k_A,131,1.60,401,train
1y02,A,1y02_A,91,1.80,252,train
5tuh,A,5tuh_A,107,1.93,306,train
6kjk,A,6kjk_A,134,1.30,407,train
3h6q,A,3h6q_A,168,1.64,496,train
1dtp,A,1dtp_A,190,2.50,585,train
6abs,A,6abs_A,98,2.20,315,train
7oas,A,7oas_A,216,1.82,706,train
6xz3,A,6xz3_A,123,2.19,379,train
3sns,A,3sns_A,120,1.50,378,train
4ye0,A,4ye0_A,100,2.10,226,train
6tj4,A,6tj4_A,68,1.50,187,train
2qng,A,2qng_A,170,1.40,551,train
2j9w,A,2j9w_A,101,1.30,323,train
1vp8,A,1vp8_A,190,1.30,626,train
7tpm,A,7tpm_A,194,1.90,597,train
1kxo,A,1kxo_A,165,1.80,487,test
3tys,A,3tys_A,75,1.12,193,train
4efv,A,4efv_A,103,2.32,256,train
2jkf,A,2jkf_A,170,2.31,543,val
8xyv,A,8xyv_A,99,1.81,313,train
2hz5,A,2hz5_A,87,2.10,244,val
8rl0,A,8rl0_A,204,1.81,697,test
4es6,A,4es6_A,249,2.22,791,train
2j9v,A,2j9v_A,99,2.00,300,train
8owi,A,8owi_A,55,2.14,124,train
3pz7,A,3pz7_A,86,2.44,223,val
7wz5,A,7wz5_A,161,1.39,510,train
1cuk,A,1cuk_A,190,1.90,559,val
3iwf,A,3iwf_A,89,1.40,267,train
3kot,A,3kot_A,198,1.90,629,train
4zmi,A,4zmi_A,235,2.30,817,val
2xeu,A,2xeu_A,64,1.50,173,train
4rmm,A,4rmm_A,136,2.20,401,train
3e7h,A,3e7h_A,102,1.70,258,train
4txw,A,4txw_A,159,1.40,538,val
4qrl,A,4qrl_A,110,1.79,327,train
2fph,X,2fph_X,165,1.70,529,train
4pnb,A,4pnb_A,31,2.05,62,train
8wb2,A,8wb2_A,179,1.90,513,train
1svi,A,1svi_A,182,1.95,584,train
9dt9,A,9dt9_A,112,2.20,328,test
8rqg,B,8rqg_B,130,2.40,412,val
3na7,A,3na7_A,237,2.20,681,train
4hn7,A,4hn7_A,85,2.35,252,train
1yln,A,1yln_A,226,2.20,685,train
1iqv,A,1iqv_A,166,2.10,539,train
3snk,A,3snk_A,119,2.02,350,val
6oae,A,6oae_A,204,1.90,602,val
2dvk,A,2dvk_A,166,1.80,536,train
1d5c,A,1d5c_A,162,2.30,500,train
4kg0,A,4kg0_A,157,2.10,531,test
6iuf,A,6iuf_A,96,2.05,273,val
2z3v,A,2z3v_A,137,1.65,424,val
8on4,A,8on4_A,204,1.41,607,train
7xgs,A,7xgs_A,70,2.21,172,train
7dvt,A,7dvt_A,146,2.09,383,train
6b26,A,6b26_A,117,1.20,346,test
3kde,C,3kde_C,75,1.74,175,train
3po0,A,3po0_A,89,1.55,255,train
8ilz,A,8ilz_A,103,1.77,323,test
2qyw,A,2qyw_A,96,2.00,264,val
1o7i,A,1o7i_A,115,1.20,347,train
9fwa,A,9fwa_A,202,1.73,661,train
6hqc,A,6hqc_A,116,1.28,321,train
6ff1,A,6ff1_A,69,1.30,199,train
3rnv,A,3rnv_A,123,2.00,372,test
1y0k,A,1y0k_A,180,1.75,578,train
3ftj,A,3ftj_A,214,2.00,691,test
7nfp,A,7nfp_A,31,1.43,56,val
4e6z,A,4e6z_A,198,2.15,571,train
4p79,A,4p79_A,181,2.40,600,train
5a4r,A,5a4r_A,148,2.25,379,train
1zxu,A,1zxu_A,162,1.70,523,train
9kja,A,9kja_A,69,1.73,183,train
7ux0,A,7ux0_A,115,1.49,330,train
8v33,A,8v33_A,159,1.70,483,val
3n90,A,3n90_A,145,1.70,489,train
7xpj,A,7xpj_A,159,2.30,454,train
2e3i,A,2e3i_A,78,2.00,230,train
5dae,A,5dae_A,57,1.40,134,train
7bo9,A,7bo9_A,30,1.56,59,train
4axv,A,4axv_A,241,2.17,780,val
2qwt,A,2qwt_A,167,2.30,525,train
3o2e,A,3o2e_A,86,1.95,235,train
7msj,A,7msj_A,104,2.10,254,train
3gm5,A,3gm5_A,151,2.00,463,train
4mgs,A,4mgs_A,141,1.80,473,train
6j0d,A,6j0d_A,87,1.90,247,train
6hq9,A,6hq9_A,60,1.98,153,train
3feu,A,3feu_A,183,1.76,571,train
1mgt,A,1mgt_A,169,1.80,557,val
1jni,A,1jni_A,64,1.25,121,val
9uhd,A,9uhd_A,213,2.21,676,test
4dnd,A,4dnd_A,95,1.40,271,train
6c0g,A,6c0g_A,114,2.15,251,train
1ln1,A,1ln1_A,203,2.40,611,train
1oap,A,1oap_A,108,1.93,348,train
2db7,A,2db7_A,57,1.90,129,train
3m20,A,3m20_A,59,2.37,128,test
2onu,A,2onu_A,150,2.38,467,test
3qc7,A,3qc7_A,164,1.52,333,train
3cwi,A,3cwi_A,69,1.90,166,train
3lyy,A,3lyy_A,102,1.90,256,train
6zpp,A,6zpp_A,157,1.50,523,train
1qhq,A,1qhq_A,139,1.55,470,train
2o0q,A,2o0q_A,114,1.80,356,train
6q25,A,6q25_A,34,1.89,75,train
2iaf,A,2iaf_A,140,2.05,476,train
1gxt,A,1gxt_A,88,1.27,273,train
4pui,A,4pui_A,85,1.70,250,train
4aeq,A,4aeq_A,90,1.89,213,train
4f2f,A,4f2f_A,100,1.50,295,test
1vr8,A,1vr8_A,135,1.75,437,train
6h3x,A,6h3x_A,221,2.09,754,train
9qq8,A,9qq8_A,180,2.29,533,train
1r5q,A,1r5q_A,91,2.00,266,train
4rle,A,4rle_A,116,1.30,279,train
3exn,A,3exn_A,154,1.80,472,train
6eld,A,6eld_A,107,2.48,306,val
3oou,A,3oou_A,105,1.57,324,train
6kty,A,6kty_A,176,1.99,562,train
2waw,A,2waw_A,198,1.60,638,train
6nek,A,6nek_A,86,1.63,147,train
7c7e,A,7c7e_A,142,2.05,425,train
1q42,A,1q42_A,159,1.75,447,train
2c1f,A,2c1f_A,219,2.10,763,val
4esr,A,4esr_A,65,1.53,191,train
2e8b,A,2e8b_A,185,1.61,570,train
4umi,A,4umi_A,114,1.33,323,train
8d09,A,8d09_A,65,1.90,176,test
3gmf,A,3gmf_A,196,1.76,670,train
1h8p,A,1h8p_A,88,1.82,248,train
3igm,B,3igm_B,62,2.20,122,train
1umi,A,1umi_A,184,2.40,627,train
6ryp,A,6ryp_A,164,2.30,483,train
2qor,A,2qor_A,196,1.80,616,train
3aac,A,3aac_A,123,2.40,293,train
2oeb,A,2oeb_A,152,1.66,513,train
4gt8,A,4gt8_A,133,1.51,392,train
6vlp,A,6vlp_A,80,1.68,159,train
2ewt,A,2ewt_A,71,1.81,212,train
3wit,A,3wit_A,64,1.95,118,train
1sny,A,1sny_A,248,1.75,836,train
1vjx,A,1vjx_A,149,2.30,472,test
9hkj,A,9hkj_A,85,1.70,286,train
2fwm,X,2fwm_X,212,2.00,679,train
1u6t,A,1u6t_A,121,1.90,327,val
2bdd,A,2bdd_A,127,2.28,406,train
8vei,A,8vei_A,117,2.03,378,train
8h0t,A,8h0t_A,184,1.17,571,train
3bjn,A,3bjn_A,162,1.65,538,train
5b3p,A,5b3p_A,134,1.65,405,val
9w3x,A,9w3x_A,237,2.39,653,train
5xv2,A,5xv2_A,223,2.00,703,train
1hh8,A,1hh8_A,192,1.80,633,train
5tzm,A,5tzm_A,90,1.18,256,train
4yme,A,4yme_A,156,1.40,531,train
2nqc,A,2nqc_A,97,2.05,284,test
3tvk,A,3tvk_A,172,1.80,559,train
5zkt,A,5zkt_A,54,1.74,106,test
7th0,A,7th0_A,46,1.90,108,train
7uw8,A,7uw8_A,221,2.50,686,train
6qq4,A,6qq4_A,121,2.00,380,train
2iwn,A,2iwn_A,93,1.35,246,test
1rlh,A,1rlh_A,151,1.80,435,train
3hh7,A,3hh7_A,65,1.55,174,train
4jg2,A,4jg2_A,185,1.30,508,train
3d0j,A,3d0j_A,138,1.53,424,train
1ixv,A,1ixv_A,229,2.30,776,train
3u12,A,3u12_A,104,2.08,312,test
1qds,A,1qds_A,250,2.00,856,train
1dxj,A,1dxj_A,242,1.80,815,train
1rl2,A,1rl2_A,136,2.30,442,train
1iiw,A,1iiw_A,221,1.90,738,train
1he5,A,1he5_A,205,1.50,677,train
1q0s,A,1q0s_A,241,2.30,794,train
1pq0,A,1pq0_A,144,2.20,482,train
1i4q,A,1i4q_A,234,2.20,776,train
1j1s,A,1j1s_A,261,2.00,876,train
1aiz,A,1aiz_A,129,1.80,420,train
1gsj,A,1gsj_A,258,1.85,881,train
1lka,A,1lka_A,240,1.70,828,train
1esz,A,1esz_A,260,2.00,855,val
1p3j,A,1p3j_A,212,1.90,678,train
1nf8,A,1nf8_A,207,1.60,722,train
1p28,A,1p28_A,119,1.70,375,train
1i5g,A,1i5g_A,144,1.40,475,train
1h9g,A,1h9g_A,223,2.10,738,train
1jqw,A,1jqw_A,150,2.30,492,train
1blh,A,1blh_A,257,2.30,936,train
1o4w,A,1o4w_A,125,1.90,348,val
1cks,A,1cks_A,74,2.10,119,test
1hug,A,1hug_A,256,2.00,881,train
1muf,A,1muf_A,257,2.26,831,train
1a6j,A,1a6j_A,150,2.35,494,train
1h1d,A,1h1d_A,214,2.00,733,train
1lst,A,1lst_A,238,1.80,804,train
1ax1,A,1ax1_A,239,1.95,808,train
1nu4,A,1nu4_A,91,1.80,288,train
1bfe,A,1bfe_A,110,2.30,342,test
1r18,A,1r18_A,223,2.20,675,test
1chh,A,1chh_A,108,1.97,314,train
1s3v,A,1s3v_A,186,1.80,564,train
1kvx,A,1kvx_A,123,1.90,372,train
1f6o,A,1f6o_A,211,2.40,734,train
1cyc,A,1cyc_A,103,2.30,283,train
1dy2,A,1dy2_A,168,2.00,582,val
1jeo,A,1jeo_A,177,2.00,542,train
1qrv,A,1qrv_A,73,2.20,181,train
10xb,A,10xb_A,99,2.40,290,train
1i4m,A,1i4m_A,108,2.00,231,val
1o8p,A,1o8p_A,131,2.00,436,val
1omv,A,1omv_A,188,1.90,632,test
1q2y,A,1q2y_A,140,2.00,458,train
1kqw,A,1kqw_A,134,1.38,402,train
1n05,A,1n05_A,142,2.10,435,train
1b8z,A,1b8z_A,67,1.60,163,train
1nep,A,1nep_A,130,1.70,421,train
1rss,A,1rss_A,140,1.90,412,train
1hxi,A,1hxi_A,112,1.60,343,train
1anu,A,1anu_A,138,2.15,433,train
1q5z,A,1q5z_A,145,1.80,437,train
1ir0,A,1ir0_A,81,1.00,229,train
1ilt,A,1ilt_A,143,2.00,35,train
1ad6,A,1ad6_A,185,2.30,607,train
1bja,A,1bja_A,95,2.19,276,train
1r0u,A,1r0u_A,142,1.75,417,test
1ryq,A,1ryq_A,64,1.38,173,val
1f0m,A,1f0m_A,71,2.20,209,train
1i8o,A,1i8o_A,114,1.15,336,test
1jmb,A,1jmb_A,50,2.20,124,train
1ajm,A,1ajm_A,264,2.40,885,train
1rsy,A,1rsy_A,135,1.90,407,train
1p4p,A,1p4p_A,140,2.00,398,train
1cof,A,1cof_A,135,2.30,412,test
1r7j,A,1r7j_A,90,1.47,264,test
1hh1,A,1hh1_A,125,2.15,372,test
1eqt,A,1eqt_A,67,1.60,156,train
1irq,A,1irq_A,48,1.50,88,train
1kjt,A,1kjt_A,114,2.00,348,train
1qt6,A,1qt6_A,164,1.90,545,train
1ain,A,1ain_A,314,2.50,57,train
1qsr,A,1qsr_A,162,2.00,501,train
1o50,A,1o50_A,141,1.87,423,train
1l4y,A,1l4y_A,165,2.00,532,train
1n0q,A,1n0q_A,92,1.26,307,train
1oal,A,1oal_A,151,1.50,507,train
1dfx,A,1dfx_A,125,1.90,374,train
1qmr,A,1qmr_A,159,2.15,485,val
1mij,A,1mij_A,139,2.05,434,train
1byl,A,1byl_A,122,2.30,347,train
1c3k,A,1c3k_A,143,2.00,481,train
1nox,A,1nox_A,200,1.59,584,train
1bg7,A,1bg7_A,153,1.85,456,train
1i27,A,1i27_A,73,1.02,205,train
1a17,A,1a17_A,159,2.45,445,train
1ean,A,1ean_A,114,1.70,336,val
1isp,A,1isp_A,179,1.30,625,train
1dk8,A,1dk8_A,147,1.57,432,train
1rl6,A,1rl6_A,164,2.00,475,test
1ae4,A,1ae4_A,324,2.40,75,train
1m6t,A,1m6t_A,106,1.81,337,val
1guu,A,1guu_A,50,1.60,129,train
1qjp,A,1qjp_A,137,1.65,420,train
1j42,A,1j42_A,185,2.50,655,train
1cea,A,1cea_A,80,2.06,239,test
1p5t,A,1p5t_A,107,2.35,347,train
1baz,A,1baz_A,49,1.90,89,train
1r9h,A,1r9h_A,118,1.80,372,train
1mzb,A,1mzb_A,133,1.80,352,train
1f3z,A,1f3z_A,150,1.98,518,train
1nn7,A,1nn7_A,105,2.10,305,train
1frd,A,1frd_A,98,1.70,299,train
1rmd,A,1rmd_A,116,2.10,299,train
1nze,A,1nze_A,112,1.95,350,train
1jhe,A,1jhe_A,124,2.50,381,train
1esl,A,1esl_A,157,2.00,503,train
1iiz,A,1iiz_A,120,2.40,378,train
1gak,A,1gak_A,137,1.85,442,train
1r62,A,1r62_A,136,1.60,438,test
1c76,A,1c76_A,121,2.25,316,test
1he7,A,1he7_A,108,2.00,232,train
1n1f,A,1n1f_A,153,1.95,507,test
1h0p,A,1h0p_A,182,1.75,654,train
1nsj,A,1nsj_A,205,2.00,677,train
1oia,A,1oia_A,90,2.40,259,train
1nri,A,1nri_A,248,1.90,799,train
1k12,A,1k12_A,158,1.90,547,train
1p9p,A,1p9p_A,235,2.50,668,train
1mvh,A,1mvh_A,269,2.30,815,val
1ewc,A,1ewc_A,214,1.95,738,train
1b73,A,1b73_A,252,2.30,827,train
1qah,A,1qah_A,132,1.80,387,train
1p9y,A,1p9y_A,117,2.15,324,train
1odf,A,1odf_A,280,2.25,923,test
1ito,A,1ito_A,251,2.29,891,train
1q8d,A,1q8d_A,100,1.80,302,train
1ljm,A,1ljm_A,114,2.50,344,train
1hsk,A,1hsk_A,303,2.30,1029,val
1alu,A,1alu_A,157,1.90,509,train
1iow,A,1iow_A,306,1.90,1011,test
1auq,A,1auq_A,208,2.30,687,train
1iub,A,1iub_A,312,2.31,1055,train
1abf,A,1abf_A,305,1.90,1073,train
1bmg,A,1bmg_A,98,2.50,278,train
1ll2,A,1ll2_A,255,1.90,876,test
1j1t,A,1j1t_A,228,2.00,810,train
1mzg,A,1mzg_A,144,2.00,431,train
1s7i,A,1s7i_A,124,1.80,309,val
1pg6,A,1pg6_A,216,1.70,661,train
1qoi,A,1qoi_A,173,2.00,566,train
1ep7,A,1ep7_A,112,2.10,326,train
1r4x,A,1r4x_A,274,1.90,866,val
1j0w,A,1j0w_A,99,2.50,313,train
1nv9,A,1nv9_A,264,2.36,880,val
1qts,A,1qts_A,247,1.40,788,val
1k3s,A,1k3s_A,109,1.90,301,train
1g62,A,1g62_A,224,2.50,806,train
1nza,A,1nza_A,103,1.70,306,train
1hmy,A,1hmy_A,327,2.50,1054,train
1j75,A,1j75_A,57,1.85,169,train
1d1u,A,1d1u_A,255,2.30,820,train
1qwg,A,1qwg_A,251,1.60,841,train
1m61,A,1m61_A,259,2.50,822,train
1f5w,A,1f5w_A,124,1.70,381,train
1nnx,A,1nnx_A,93,1.45,254,train
1mul,A,1mul_A,76,2.30,183,train
1hlv,A,1hlv_A,131,2.50,352,train
1gcm,A,1gcm_A,32,1.80,61,train
1arb,A,1arb_A,263,1.20,968,train
1mug,A,1mug_A,165,1.80,530,test
1rz4,A,1rz4_A,213,2.10,662,train
1rju,V,1rju_V,36,1.44,74,train
1ith,A,1ith_A,141,2.50,446,train
1aqt,A,1aqt_A,135,2.30,411,test
1njr,A,1njr_A,249,1.90,820,val
1nrf,A,1nrf_A,246,2.50,855,train
1nyc,A,1nyc_A,111,1.40,316,train
1fe6,A,1fe6_A,52,1.80,126,val
1q4r,A,1q4r_A,103,1.90,274,train
1aua,A,1aua_A,296,2.50,916,train
1cx4,A,1cx4_A,275,2.45,926,train
1id1,A,1id1_A,153,2.40,445,test
1s2o,A,1s2o_A,244,1.40,826,train
1jq0,A,1jq0_A,71,1.70,186,train
1bh3,A,1bh3_A,289,2.19,873,train
1ksk,A,1ksk_A,234,2.00,669,test
1g7v,A,1g7v_A,284,2.40,951,train
1puo,A,1puo_A,141,1.85,470,train
1es8,A,1es8_A,197,2.30,622,train
1n5d,A,1n5d_A,288,2.30,959,train
1r9w,A,1r9w_A,138,1.80,458,val
1g8q,A,1g8q_A,90,1.60,267,train
1eny,A,1eny_A,268,2.20,861,train
1pbt,A,1pbt_A,220,1.70,751,test
1iap,A,1iap_A,190,1.90,606,train
1r6f,A,1r6f_A,272,2.17,832,train
1o1x,A,1o1x_A,145,1.90,484,train
1o4t,A,1o4t_A,115,1.95,355,train
1qwy,A,1qwy_A,234,1.30,796,train
1q7s,A,1q7s_A,117,2.00,370,train
1kfr,A,1kfr_A,147,1.85,476,train
1bcg,A,1bcg_A,74,2.10,218,train
1e25,A,1e25_A,278,1.90,958,train
12um,A,12um_A,57,1.93,118,train
1l5b,A,1l5b_A,101,2.00,195,train
1jcm,P,1jcm_P,259,2.10,883,train
1kea,A,1kea_A,217,2.00,718,test
1ctf,A,1ctf_A,68,1.70,196,val
1m68,A,1m68_A,234,2.30,834,train
1f7c,A,1f7c_A,182,2.40,606,train
1kqr,A,1kqr_A,160,1.40,555,train
1qcs,A,1qcs_A,195,1.90,609,train
1pry,A,1pry_A,226,1.97,763,train
1ajz,A,1ajz_A,282,2.00,920,train
1ib0,A,1ib0_A,272,2.30,851,train
1hu3,A,1hu3_A,204,2.37,637,train
1fid,A,1fid_A,259,2.10,877,train
1p4x,A,1p4x_A,250,2.20,807,train
1eok,A,1eok_A,282,1.80,1011,train
1ecs,A,1ecs_A,120,1.70,340,train
1k9v,F,1k9v_F,200,2.40,697,train
1m08,A,1m08_A,131,2.10,418,train
1ipa,A,1ipa_A,258,2.40,794,train
1rwl,A,1rwl_A,254,1.90,826,train
1iz0,A,1iz0_A,295,2.30,984,test
1mgp,A,1mgp_A,276,2.00,976,train
1jb5,A,1jb5_A,123,2.30,379,train
1rwr,A,1rwr_A,297,1.72,994,test
1rlk,A,1rlk_A,116,1.95,366,train
1r9c,A,1r9c_A,125,1.83,326,test
1jyk,A,1jyk_A,229,1.50,772,train
1coz,A,1coz_A,126,2.00,386,train
1aue,A,1aue_A,92,2.33,299,train
1oi7,A,1oi7_A,270,1.23,964,train
1rg0,A,1rg0_A,126,1.80,356,train
1ci4,A,1ci4_A,89,1.90,288,train
1i60,A,1i60_A,278,1.60,1020,val
1puj,A,1puj_A,261,2.00,837,val
1dvp,A,1dvp_A,217,2.00,663,train
1by2,A,1by2_A,112,2.00,367,train
1ft5,A,1ft5_A,211,1.60,590,train
1k9j,A,1k9j_A,130,1.90,422,train
1ktj,A,1ktj_A,129,2.15,356,train
1b5l,A,1b5l_A,152,2.10,469,train
1qd5,A,1qd5_A,257,2.17,863,train
1imj,A,1imj_A,208,2.20,705,val
1rj1,A,1rj1_A,148,1.87,495,test
1k77,A,1k77_A,260,1.63,902,train
1ks4,A,1ks4_A,223,2.50,769,train
1aap,A,1aap_A,56,1.50,153,train
1nfp,A,1nfp_A,228,1.60,732,train
1a7e,A,1a7e_A,118,1.80,379,test
1kte,A,1kte_A,105,2.20,306,train
1inr,A,1inr_A,132,2.00,315,train
1kp6,A,1kp6_A,79,1.80,245,val
1orp,A,1orp_A,213,2.20,672,test
1hna,A,1hna_A,217,1.85,729,train
1rwz,A,1rwz_A,244,1.80,811,train
1ejf,A,1ejf_A,110,2.49,337,train
1o9h,A,1o9h_A,249,2.40,806,train
1hvv,A,1hvv_A,67,2.40,137,test
1ax8,A,1ax8_A,130,2.40,392,train
1f7l,A,1f7l_A,118,1.50,359,train
1bix,A,1bix_A,275,2.20,1000,val
1p77,A,1p77_A,265,1.95,925,val
1pxw,A,1pxw_A,128,1.94,422,train
1cc5,A,1cc5_A,83,2.50,233,train
1gui,A,1gui_A,155,1.90,488,train
1gvz,A,1gvz_A,237,1.42,838,train
1pmj,X,1pmj_X,185,1.55,617,train
1ni9,A,1ni9_A,292,2.00,1006,train
1qcy,A,1qcy_A,193,2.30,658,train
1jyh,A,1jyh_A,155,1.80,461,train
1dnk,A,1dnk_A,250,2.30,903,train
1gwz,A,1gwz_A,280,2.50,890,train
1ik7,A,1ik7_A,52,2.30,109,test
1h9r,A,1h9r_A,139,1.90,417,train
1f56,A,1f56_A,91,2.05,257,train
1lmi,A,1lmi_A,131,1.50,404,train
1id0,A,1id0_A,146,1.60,448,train
1m13,A,1m13_A,273,2.15,860,train
1i9h,A,1i9h_A,121,2.40,335,train
1j6o,A,1j6o_A,260,1.80,932,test
1htp,A,1htp_A,131,2.20,431,train
1ji0,A,1ji0_A,240,2.00,791,train
1je6,A,1je6_A,275,2.50,855,test
1mq4,A,1mq4_A,261,1.90,889,train
1j8s,A,1j8s_A,196,2.10,627,val
1fxy,A,1fxy_A,228,2.15,772,train
1nh8,A,1nh8_A,276,1.80,869,train
1gmj,A,1gmj_A,65,2.20,142,val
1n26,A,1n26_A,299,2.40,905,train
1a8p,A,1a8p_A,257,2.00,873,train
1gqn,A,1gqn_A,252,1.78,872,train
1c1k,A,1c1k_A,217,1.45,709,train
1kyh,A,1kyh_A,268,1.60,941,train
1mla,A,1mla_A,305,1.50,1061,train
1b24,A,1b24_A,173,2.20,553,test
1jjv,A,1jjv_A,194,2.00,596,train
1pzt,A,1pzt_A,271,1.92,889,train
1cpo,A,1cpo_A,299,1.90,981,test
1ogl,A,1ogl_A,246,2.40,775,train
1qx3,A,1qx3_A,232,1.90,766,train
1he9,A,1he9_A,134,2.40,432,train
1r3f,A,1r3f_A,278,1.85,896,train
1oip,A,1oip_A,251,1.95,842,train
1p9h,A,1p9h_A,179,1.55,540,train
1qam,A,1qam_A,235,2.20,741,train
1o1z,A,1o1z_A,226,1.60,762,train
1jj7,A,1jj7_A,251,2.40,811,train
1s0x,A,1s0x_A,251,2.20,832,test
1qgi,A,1qgi_A,259,1.60,906,train
1hd2,A,1hd2_A,161,1.50,559,train
1aol,A,1aol_A,228,2.00,758,train
1plf,A,1plf_A,63,2.20,142,train
1br9,A,1br9_A,182,2.10,555,train
1gk6,A,1gk6_A,55,1.90,125,train
1ofc,X,1ofc_X,267,1.90,780,train
1pch,A,1pch_A,88,1.80,286,train
1b0u,A,1b0u_A,258,1.50,869,train
177l,A,177l_A,162,2.50,539,train
1bdb,A,1bdb_A,267,2.00,879,train
1okr,A,1okr_A,120,2.40,324,val
1lb4,A,1lb4_A,155,2.40,461,train
1d2t,A,1d2t_A,222,1.90,799,train
1eaz,A,1eaz_A,104,1.40,312,train
1qhl,A,1qhl_A,204,2.20,679,train
1l5p,A,1l5p_A,93,2.20,262,train
1jbb,A,1jbb_A,148,2.00,432,train
1mk0,A,1mk0_A,97,1.60,302,train
1mai,A,1mai_A,119,1.90,373,train
1s2b,A,1s2b_A,199,2.10,685,train
1qau,A,1qau_A,112,1.25,321,test
1q3o,A,1q3o_A,104,1.80,297,train
1o54,A,1o54_A,265,1.65,797,train
1htj,F,1htj_F,182,2.20,619,train
1p9a,G,1p9a_G,266,1.70,828,train
1izm,A,1izm_A,170,1.95,545,train
1k24,A,1k24_A,249,2.03,772,train
1em7,A,1em7_A,56,2.00,152,train
1bc7,C,1bc7_C,93,2.01,262,train
1jye,A,1jye_A,271,1.70,946,train
1j5u,A,1j5u_A,127,2.00,387,train
1j2z,A,1j2z_A,259,2.10,882,train
1rmr,A,1rmr_A,64,2.50,129,train
1dcq,A,1dcq_A,276,2.10,950,train
1i7g,A,1i7g_A,259,2.20,849,train
1meo,A,1meo_A,202,1.72,637,train
1iam,A,1iam_A,185,2.10,552,train
1e12,A,1e12_A,239,1.80,864,train
1luf,A,1luf_A,275,2.05,890,train
1jbk,A,1jbk_A,189,1.80,580,val
1j27,A,1j27_A,98,1.70,305,train
1pa7,A,1pa7_A,130,1.45,390,train
1mn4,A,1mn4_A,246,2.20,776,train
1l7l,A,1l7l_A,121,1.50,377,train
1mby,A,1mby_A,75,2.00,167,train
12is,A,12is_A,119,1.31,360,train
1ppt,A,1ppt_A,36,1.37,69,train
1kr5,A,1kr5_A,218,2.10,721,train
1gny,A,1gny_A,153,1.63,481,train
1nig,A,1nig_A,146,2.00,452,train
1llm,C,1llm_C,87,1.50,211,train
1qkt,A,1qkt_A,248,2.20,769,train
1i9g,A,1i9g_A,264,1.98,799,train
1p90,A,1p90_A,123,1.80,391,train
1rw4,A,1rw4_A,271,2.50,907,train
1reg,X,1reg_X,122,1.90,359,train
1amx,A,1amx_A,150,2.00,476,test
1bt0,A,1bt0_A,73,1.70,208,val
1atg,A,1atg_A,231,1.20,783,train
1qhw,A,1qhw_A,300,2.20,1092,train
1r26,A,1r26_A,113,1.40,325,train
1r2i,A,1r2i_A,143,2.00,485,train
1oz9,A,1oz9_A,141,1.89,448,test
1ak0,A,1ak0_A,264,1.80,902,train
1nzn,A,1nzn_A,122,2.00,375,test
1mve,A,1mve_A,243,1.70,845,train
1bol,A,1bol_A,222,2.00,724,val
1rv1,A,1rv1_A,85,2.30,249,val
1f00,I,1f00_I,282,1.90,903,train
1dvo,A,1dvo_A,152,2.00,422,train
1gv9,A,1gv9_A,223,1.46,788,train
1n8n,A,1n8n_A,209,1.69,644,train
1k7k,A,1k7k_A,207,1.50,675,train
1doi,A,1doi_A,128,1.90,407,train
1byf,A,1byf_A,123,2.00,404,train
1cw0,A,1cw0_A,155,2.30,465,train
1kao,A,1kao_A,167,1.70,526,test
1cv8,A,1cv8_A,173,1.75,594,train
1m1f,A,1m1f_A,107,1.40,333,train
1msc,A,1msc_A,129,2.00,285,test
1fvi,A,1fvi_A,264,2.00,865,train
1azo,A,1azo_A,214,1.70,649,train
1qz1,A,1qz1_A,288,2.00,867,train
1jc9,A,1jc9_A,220,2.01,808,train
1al3,A,1al3_A,237,1.80,788,train
